client_code,product,push_notification
1,–ö—Ä–µ–¥–∏—Ç–Ω–∞—è –∫–∞—Ä—Ç–∞,"–ê–π–≥–µ—Ä–∏–º, –≤–∞—à–∞ –≤—ã–≥–æ–¥–∞ —Å –Ω–∞—à–µ–π –∫—Ä–µ–¥–∏—Ç–Ω–æ–π –∫–∞—Ä—Ç–æ–π –º–æ–≥–ª–∞ —Å–æ—Å—Ç–∞–≤–∏—Ç—å 291 417 ‚Ç∏ –∑–∞ 3 –º–µ—Å—è—Ü–∞ –±–ª–∞–≥–æ–¥–∞—Ä—è –∫–µ—à–±—ç–∫—É –≤ –ª—é–±–∏–º—ã—Ö –∫–∞—Ç–µ–≥–æ—Ä–∏—è—Ö. –£–∑–Ω–∞–π—Ç–µ –≤–∞—à –∫—Ä–µ–¥–∏—Ç–Ω—ã–π –ª–∏–º–∏—Ç."
1,–ö–∞—Ä—Ç–∞ –¥–ª—è –ø—É—Ç–µ—à–µ—Å—Ç–≤–∏–π,"–ü—É—Ç–µ—à–µ—Å—Ç–≤–æ–≤–∞—Ç—å ‚Äî –∑–¥–æ—Ä–æ–≤–æ, –∞ —Å –∫–µ—à–±—ç–∫–æ–º ‚Äî –µ—â–µ –ª—É—á—à–µ! –ê–π–≥–µ—Ä–∏–º, –≤–∞—à–∞ –≤—ã–≥–æ–¥–∞ —Å –∫–∞—Ä—Ç–æ–π –¥–ª—è –ø—É—Ç–µ—à–µ—Å—Ç–≤–∏–π –º–æ–≥–ª–∞ —Å–æ—Å—Ç–∞–≤–∏—Ç—å 25 681 ‚Ç∏. –û—Ç–∫—Ä–æ–π—Ç–µ –µ–µ –≤ –ø—Ä–∏–ª–æ–∂–µ–Ω–∏–∏."
1,–ö—Ä–µ–¥–∏—Ç –Ω–∞–ª–∏—á–Ω—ã–º–∏,"–ê–π–≥–µ—Ä–∏–º, –ø–ª–∞–Ω–∏—Ä—É–µ—Ç–µ –±–æ–ª—å—à–æ–µ —Å–æ–±—ã—Ç–∏–µ –∏–ª–∏ –ø–æ–∫—É–ø–∫—É? –ö—Ä–µ–¥–∏—Ç –Ω–∞–ª–∏—á–Ω—ã–º–∏ –ø–æ–º–æ–∂–µ—Ç —Ä–µ–∞–ª–∏–∑–æ–≤–∞—Ç—å –≤–∞—à–∏ –ø–ª–∞–Ω—ã –±–µ–∑ –ª–∏—à–Ω–∏—Ö —Å–ø—Ä–∞–≤–æ–∫ –∏ –æ–∂–∏–¥–∞–Ω–∏–π. –†–∞—Å—Å—á–∏—Ç–∞—Ç—å —É—Å–ª–æ–≤–∏—è."
1,–ü—Ä–µ–º–∏–∞–ª—å–Ω–∞—è –∫–∞—Ä—Ç–∞,"–ê–π–≥–µ—Ä–∏–º, –≤–∞—à —Å—Ç–∞—Ç—É—Å –ø–æ–∑–≤–æ–ª—è–µ—Ç –ø–æ–ª—É—á–∞—Ç—å –±–æ–ª—å—à–µ. –ü—Ä–µ–º–∏–∞–ª—å–Ω–∞—è –∫–∞—Ä—Ç–∞ ‚Äî —ç—Ç–æ –Ω–µ —Ç–æ–ª—å–∫–æ –∫–æ–º—Ñ–æ—Ä—Ç, –Ω–æ –∏ –ø—Ä—è–º–∞—è –≤—ã–≥–æ–¥–∞, –∫–æ—Ç–æ—Ä–∞—è –º–æ–≥–ª–∞ —Å–æ—Å—Ç–∞–≤–∏—Ç—å 0 ‚Ç∏. –ü–æ–ø—Ä–æ–±—É–π—Ç–µ."
2,–î–µ–ø–æ–∑–∏—Ç –°–±–µ—Ä–µ–≥–∞—Ç–µ–ª—å–Ω—ã–π,"–ó–∞—Å—Ç–∞–≤—å—Ç–µ –≤–∞—à–∏ –¥–µ–Ω—å–≥–∏ —Ä–∞–±–æ—Ç–∞—Ç—å! –î–∞–Ω–∏—è—Ä, –≤–∞—à –∫–∞–ø–∏—Ç–∞–ª –º–æ–≥ –±—ã –ø—Ä–∏–Ω–µ—Å—Ç–∏ 260 217 ‚Ç∏ –ø–∞—Å—Å–∏–≤–Ω–æ–≥–æ –¥–æ—Ö–æ–¥–∞ –≤ –≥–æ–¥ –Ω–∞ —Å–±–µ—Ä–µ–≥–∞—Ç–µ–ª—å–Ω–æ–º –¥–µ–ø–æ–∑–∏—Ç–µ. –ù–∞—á–∞—Ç—å –∫–æ–ø–∏—Ç—å."
2,–î–µ–ø–æ–∑–∏—Ç –ù–∞–∫–æ–ø–∏—Ç–µ–ª—å–Ω—ã–π,"–î–∞–Ω–∏—è—Ä, —É –Ω–∞—Å –µ—Å—Ç—å –¥–ª—è –≤–∞—Å –ø—Ä–µ–¥–ª–æ–∂–µ–Ω–∏–µ –ø–æ –ø—Ä–æ–¥—É–∫—Ç—É ¬´–î–µ–ø–æ–∑–∏—Ç –ù–∞–∫–æ–ø–∏—Ç–µ–ª—å–Ω—ã–π¬ª —Å –≤—ã–≥–æ–¥–æ–π –¥–æ 244 446 ‚Ç∏. –£–∑–Ω–∞–π—Ç–µ –ø–æ–¥—Ä–æ–±–Ω–æ—Å—Ç–∏ –≤ –ø—Ä–∏–ª–æ–∂–µ–Ω–∏–∏. üòä"
2,–î–µ–ø–æ–∑–∏—Ç –ú—É–ª—å—Ç–∏–≤–∞–ª—é—Ç–Ω—ã–π,"–î–∞–Ω–∏—è—Ä, —É –Ω–∞—Å –µ—Å—Ç—å –¥–ª—è –≤–∞—Å –ø—Ä–µ–¥–ª–æ–∂–µ–Ω–∏–µ –ø–æ –ø—Ä–æ–¥—É–∫—Ç—É ¬´–î–µ–ø–æ–∑–∏—Ç –ú—É–ª—å—Ç–∏–≤–∞–ª—é—Ç–Ω—ã–π¬ª —Å –≤—ã–≥–æ–¥–æ–π –¥–æ 228 675 ‚Ç∏. –£–∑–Ω–∞–π—Ç–µ –ø–æ–¥—Ä–æ–±–Ω–æ—Å—Ç–∏ –≤ –ø—Ä–∏–ª–æ–∂–µ–Ω–∏–∏. üòä"
2,–ö—Ä–µ–¥–∏—Ç–Ω–∞—è –∫–∞—Ä—Ç–∞,"–ü–æ–∫—É–ø–∞–π—Ç–µ —Ç–æ, —á—Ç–æ –ª—é–±–∏—Ç–µ, –∏ —ç–∫–æ–Ω–æ–º—å—Ç–µ! –î–∞–Ω–∏—è—Ä, —Å –Ω–∞—à–µ–π –∫—Ä–µ–¥–∏—Ç–Ω–æ–π –∫–∞—Ä—Ç–æ–π –≤—ã –±—ã –≤–µ—Ä–Ω—É–ª–∏ 309 441 ‚Ç∏ —Å –≤–∞—à–∏—Ö –æ–±—ã—á–Ω—ã—Ö –ø–æ–∫—É–ø–æ–∫. –ù–∞—á–∞—Ç—å —ç–∫–æ–Ω–æ–º–∏—Ç—å."
3,–ö—Ä–µ–¥–∏—Ç–Ω–∞—è –∫–∞—Ä—Ç–∞,"–ü–æ–∫—É–ø–∞–π—Ç–µ —Ç–æ, —á—Ç–æ –ª—é–±–∏—Ç–µ, –∏ —ç–∫–æ–Ω–æ–º—å—Ç–µ! –°–∞–±–∏–Ω–∞, —Å –Ω–∞—à–µ–π –∫—Ä–µ–¥–∏—Ç–Ω–æ–π –∫–∞—Ä—Ç–æ–π –≤—ã –±—ã –≤–µ—Ä–Ω—É–ª–∏ 204 929 ‚Ç∏ —Å –≤–∞—à–∏—Ö –æ–±—ã—á–Ω—ã—Ö –ø–æ–∫—É–ø–æ–∫. –ù–∞—á–∞—Ç—å —ç–∫–æ–Ω–æ–º–∏—Ç—å."
3,–ö–∞—Ä—Ç–∞ –¥–ª—è –ø—É—Ç–µ—à–µ—Å—Ç–≤–∏–π,"–ü—É—Ç–µ—à–µ—Å—Ç–≤–æ–≤–∞—Ç—å ‚Äî –∑–¥–æ—Ä–æ–≤–æ, –∞ —Å –∫–µ—à–±—ç–∫–æ–º ‚Äî –µ—â–µ –ª—É—á—à–µ! –°–∞–±–∏–Ω–∞, –≤–∞—à–∞ –≤—ã–≥–æ–¥–∞ —Å –∫–∞—Ä—Ç–æ–π –¥–ª—è –ø—É—Ç–µ—à–µ—Å—Ç–≤–∏–π –º–æ–≥–ª–∞ —Å–æ—Å—Ç–∞–≤–∏—Ç—å 7 997 ‚Ç∏. –û—Ç–∫—Ä–æ–π—Ç–µ –µ–µ –≤ –ø—Ä–∏–ª–æ–∂–µ–Ω–∏–∏."
3,–ü—Ä–µ–º–∏–∞–ª—å–Ω–∞—è –∫–∞—Ä—Ç–∞,"–°–∞–±–∏–Ω–∞, —Å –≤–∞—à–∏–º —Å—Ç–∏–ª–µ–º —Ç—Ä–∞—Ç –ø—Ä–µ–º–∏–∞–ª—å–Ω–∞—è –∫–∞—Ä—Ç–∞ –º–æ–≥–ª–∞ –±—ã –ø—Ä–∏–Ω–µ—Å—Ç–∏ 0 ‚Ç∏ –∑–∞ 3 –º–µ—Å—è—Ü–∞. –ù–∞—Å–ª–∞–∂–¥–∞–π—Ç–µ—Å—å –ø–æ–≤—ã—à–µ–Ω–Ω—ã–º –∫–µ—à–±—ç–∫–æ–º –∏ –ø—Ä–∏–≤–∏–ª–µ–≥–∏—è–º–∏! ‚ú® –û—Ñ–æ—Ä–º–∏—Ç—å —Å–µ–π—á–∞—Å."
3,–ö—Ä–µ–¥–∏—Ç –Ω–∞–ª–∏—á–Ω—ã–º–∏,"–°–∞–±–∏–Ω–∞, –µ—Å–ª–∏ –Ω—É–∂–µ–Ω –∑–∞–ø–∞—Å –Ω–∞ –∫—Ä—É–ø–Ω—ã–µ —Ç—Ä–∞—Ç—ã ‚Äî –º–æ–∂–Ω–æ –æ—Ñ–æ—Ä–º–∏—Ç—å –∫—Ä–µ–¥–∏—Ç –Ω–∞–ª–∏—á–Ω—ã–º–∏ —Å –≥–∏–±–∫–∏–º–∏ –≤—ã–ø–ª–∞—Ç–∞–º–∏. –£–∑–Ω–∞–π—Ç–µ –¥–æ—Å—Ç—É–ø–Ω—ã–π –ª–∏–º–∏—Ç –ø—Ä—è–º–æ –≤ –ø—Ä–∏–ª–æ–∂–µ–Ω–∏–∏."
4,–ö—Ä–µ–¥–∏—Ç–Ω–∞—è –∫–∞—Ä—Ç–∞,"–¢–∏–º—É—Ä, –≤–∞—à–∞ –≤—ã–≥–æ–¥–∞ —Å –Ω–∞—à–µ–π –∫—Ä–µ–¥–∏—Ç–Ω–æ–π –∫–∞—Ä—Ç–æ–π –º–æ–≥–ª–∞ —Å–æ—Å—Ç–∞–≤–∏—Ç—å 273 459 ‚Ç∏ –∑–∞ 3 –º–µ—Å—è—Ü–∞ –±–ª–∞–≥–æ–¥–∞—Ä—è –∫–µ—à–±—ç–∫—É –≤ –ª—é–±–∏–º—ã—Ö –∫–∞—Ç–µ–≥–æ—Ä–∏—è—Ö. –£–∑–Ω–∞–π—Ç–µ –≤–∞—à –∫—Ä–µ–¥–∏—Ç–Ω—ã–π –ª–∏–º–∏—Ç."
4,–ö–∞—Ä—Ç–∞ –¥–ª—è –ø—É—Ç–µ—à–µ—Å—Ç–≤–∏–π,"–¢–∏–º—É—Ä, –≤–∞—à–∏ –ø–æ–µ–∑–¥–∫–∏ –º–æ–≥—É—Ç –±—ã—Ç—å –µ—â–µ –≤—ã–≥–æ–¥–Ω–µ–µ. –° —Ç—Ä–µ–≤–µ–ª-–∫–∞—Ä—Ç–æ–π –≤—ã –º–æ–≥–ª–∏ –±—ã –≤–µ—Ä–Ω—É—Ç—å 24 565 ‚Ç∏ –∑–∞ –ø–æ—Å–ª–µ–¥–Ω–∏–µ 3 –º–µ—Å—è—Ü–∞. ‚úàÔ∏è –•–æ—Ç–∏—Ç–µ –æ—Ñ–æ—Ä–º–∏—Ç—å?"
4,–ö—Ä–µ–¥–∏—Ç –Ω–∞–ª–∏—á–Ω—ã–º–∏,"–¢–∏–º—É—Ä, –µ—Å–ª–∏ –Ω—É–∂–µ–Ω –∑–∞–ø–∞—Å –Ω–∞ –∫—Ä—É–ø–Ω—ã–µ —Ç—Ä–∞—Ç—ã ‚Äî –º–æ–∂–Ω–æ –æ—Ñ–æ—Ä–º–∏—Ç—å –∫—Ä–µ–¥–∏—Ç –Ω–∞–ª–∏—á–Ω—ã–º–∏ —Å –≥–∏–±–∫–∏–º–∏ –≤—ã–ø–ª–∞—Ç–∞–º–∏. –£–∑–Ω–∞–π—Ç–µ –¥–æ—Å—Ç—É–ø–Ω—ã–π –ª–∏–º–∏—Ç –ø—Ä—è–º–æ –≤ –ø—Ä–∏–ª–æ–∂–µ–Ω–∏–∏."
4,–ü—Ä–µ–º–∏–∞–ª—å–Ω–∞—è –∫–∞—Ä—Ç–∞,"–ó–∞–º–µ—Ç–∏–ª–∏ –≤–∞—à–∏ —Ç—Ä–∞—Ç—ã –≤ —Ä–µ—Å—Ç–æ—Ä–∞–Ω–∞—Ö. –¢–∏–º—É—Ä, —Å –ø—Ä–µ–º–∏–∞–ª—å–Ω–æ–π –∫–∞—Ä—Ç–æ–π –≤—ã –±—ã –ø–æ–ª—É—á–∏–ª–∏ –Ω–µ —Ç–æ–ª—å–∫–æ –ø–æ–≤—ã—à–µ–Ω–Ω—ã–π –∫–µ—à–±—ç–∫, –Ω–æ –∏ –≤—ã–≥–æ–¥—É –≤ 0 ‚Ç∏. –ü–æ–¥–∫–ª—é—á–∏—Ç—å —Å–µ–π—á–∞—Å."
5,–î–µ–ø–æ–∑–∏—Ç –°–±–µ—Ä–µ–≥–∞—Ç–µ–ª—å–Ω—ã–π,"–ó–∞—Å—Ç–∞–≤—å—Ç–µ –≤–∞—à–∏ –¥–µ–Ω—å–≥–∏ —Ä–∞–±–æ—Ç–∞—Ç—å! –ö–∞–º–∏–ª–ª–∞, –≤–∞—à –∫–∞–ø–∏—Ç–∞–ª –º–æ–≥ –±—ã –ø—Ä–∏–Ω–µ—Å—Ç–∏ 220 528 ‚Ç∏ –ø–∞—Å—Å–∏–≤–Ω–æ–≥–æ –¥–æ—Ö–æ–¥–∞ –≤ –≥–æ–¥ –Ω–∞ —Å–±–µ—Ä–µ–≥–∞—Ç–µ–ª—å–Ω–æ–º –¥–µ–ø–æ–∑–∏—Ç–µ. –ù–∞—á–∞—Ç—å –∫–æ–ø–∏—Ç—å."
5,–î–µ–ø–æ–∑–∏—Ç –ù–∞–∫–æ–ø–∏—Ç–µ–ª—å–Ω—ã–π,"–ö–∞–º–∏–ª–ª–∞, —É –Ω–∞—Å –µ—Å—Ç—å –¥–ª—è –≤–∞—Å –ø—Ä–µ–¥–ª–æ–∂–µ–Ω–∏–µ –ø–æ –ø—Ä–æ–¥—É–∫—Ç—É ¬´–î–µ–ø–æ–∑–∏—Ç –ù–∞–∫–æ–ø–∏—Ç–µ–ª—å–Ω—ã–π¬ª —Å –≤—ã–≥–æ–¥–æ–π –¥–æ 207 163 ‚Ç∏. –£–∑–Ω–∞–π—Ç–µ –ø–æ–¥—Ä–æ–±–Ω–æ—Å—Ç–∏ –≤ –ø—Ä–∏–ª–æ–∂–µ–Ω–∏–∏. üòä"
5,–î–µ–ø–æ–∑–∏—Ç –ú—É–ª—å—Ç–∏–≤–∞–ª—é—Ç–Ω—ã–π,"–ö–∞–º–∏–ª–ª–∞, —É –Ω–∞—Å –µ—Å—Ç—å –¥–ª—è –≤–∞—Å –ø—Ä–µ–¥–ª–æ–∂–µ–Ω–∏–µ –ø–æ –ø—Ä–æ–¥—É–∫—Ç—É ¬´–î–µ–ø–æ–∑–∏—Ç –ú—É–ª—å—Ç–∏–≤–∞–ª—é—Ç–Ω—ã–π¬ª —Å –≤—ã–≥–æ–¥–æ–π –¥–æ 193 797 ‚Ç∏. –£–∑–Ω–∞–π—Ç–µ –ø–æ–¥—Ä–æ–±–Ω–æ—Å—Ç–∏ –≤ –ø—Ä–∏–ª–æ–∂–µ–Ω–∏–∏. üòä"
5,–ö—Ä–µ–¥–∏—Ç–Ω–∞—è –∫–∞—Ä—Ç–∞,"–ö–∞–º–∏–ª–ª–∞, –≤–∞—à–∞ –≤—ã–≥–æ–¥–∞ —Å –Ω–∞—à–µ–π –∫—Ä–µ–¥–∏—Ç–Ω–æ–π –∫–∞—Ä—Ç–æ–π –º–æ–≥–ª–∞ —Å–æ—Å—Ç–∞–≤–∏—Ç—å 290 058 ‚Ç∏ –∑–∞ 3 –º–µ—Å—è—Ü–∞ –±–ª–∞–≥–æ–¥–∞—Ä—è –∫–µ—à–±—ç–∫—É –≤ –ª—é–±–∏–º—ã—Ö –∫–∞—Ç–µ–≥–æ—Ä–∏—è—Ö. –£–∑–Ω–∞–π—Ç–µ –≤–∞—à –∫—Ä–µ–¥–∏—Ç–Ω—ã–π –ª–∏–º–∏—Ç."
6,–ö—Ä–µ–¥–∏—Ç–Ω–∞—è –∫–∞—Ä—Ç–∞,"–ê—è–Ω, –≤–∞—à–∏ —Ç–æ–ø-–∫–∞—Ç–µ–≥–æ—Ä–∏–∏ ‚Äî –ü—Ä–æ–¥—É–∫—Ç—ã –ø–∏—Ç–∞–Ω–∏—è, –ö–∞—Ñ–µ –∏ —Ä–µ—Å—Ç–æ—Ä–∞–Ω—ã, –¢–∞–∫—Å–∏. –° –∫—Ä–µ–¥–∏—Ç–Ω–æ–π –∫–∞—Ä—Ç–æ–π –≤—ã –±—ã –ø–æ–ª—É—á–∏–ª–∏ –¥–æ 10% –∫–µ—à–±—ç–∫–∞, –∞ –≤–∞—à–∞ –≤—ã–≥–æ–¥–∞ —Å–æ—Å—Ç–∞–≤–∏–ª–∞ –±—ã 315 797 ‚Ç∏. üí≥ –û—Ñ–æ—Ä–º–∏—Ç—å –∫–∞—Ä—Ç—É."
6,–ö–∞—Ä—Ç–∞ –¥–ª—è –ø—É—Ç–µ—à–µ—Å—Ç–≤–∏–π,"–ü—É—Ç–µ—à–µ—Å—Ç–≤–æ–≤–∞—Ç—å ‚Äî –∑–¥–æ—Ä–æ–≤–æ, –∞ —Å –∫–µ—à–±—ç–∫–æ–º ‚Äî –µ—â–µ –ª—É—á—à–µ! –ê—è–Ω, –≤–∞—à–∞ –≤—ã–≥–æ–¥–∞ —Å –∫–∞—Ä—Ç–æ–π –¥–ª—è –ø—É—Ç–µ—à–µ—Å—Ç–≤–∏–π –º–æ–≥–ª–∞ —Å–æ—Å—Ç–∞–≤–∏—Ç—å 23 500 ‚Ç∏. –û—Ç–∫—Ä–æ–π—Ç–µ –µ–µ –≤ –ø—Ä–∏–ª–æ–∂–µ–Ω–∏–∏."
6,–ö—Ä–µ–¥–∏—Ç –Ω–∞–ª–∏—á–Ω—ã–º–∏,"–ê—è–Ω, –ø–ª–∞–Ω–∏—Ä—É–µ—Ç–µ –±–æ–ª—å—à–æ–µ —Å–æ–±—ã—Ç–∏–µ –∏–ª–∏ –ø–æ–∫—É–ø–∫—É? –ö—Ä–µ–¥–∏—Ç –Ω–∞–ª–∏—á–Ω—ã–º–∏ –ø–æ–º–æ–∂–µ—Ç —Ä–µ–∞–ª–∏–∑–æ–≤–∞—Ç—å –≤–∞—à–∏ –ø–ª–∞–Ω—ã –±–µ–∑ –ª–∏—à–Ω–∏—Ö —Å–ø—Ä–∞–≤–æ–∫ –∏ –æ–∂–∏–¥–∞–Ω–∏–π. –†–∞—Å—Å—á–∏—Ç–∞—Ç—å —É—Å–ª–æ–≤–∏—è."
6,–ü—Ä–µ–º–∏–∞–ª—å–Ω–∞—è –∫–∞—Ä—Ç–∞,"–ó–∞–º–µ—Ç–∏–ª–∏ –≤–∞—à–∏ —Ç—Ä–∞—Ç—ã –≤ —Ä–µ—Å—Ç–æ—Ä–∞–Ω–∞—Ö. –ê—è–Ω, —Å –ø—Ä–µ–º–∏–∞–ª—å–Ω–æ–π –∫–∞—Ä—Ç–æ–π –≤—ã –±—ã –ø–æ–ª—É—á–∏–ª–∏ –Ω–µ —Ç–æ–ª—å–∫–æ –ø–æ–≤—ã—à–µ–Ω–Ω—ã–π –∫–µ—à–±—ç–∫, –Ω–æ –∏ –≤—ã–≥–æ–¥—É –≤ 0 ‚Ç∏. –ü–æ–¥–∫–ª—é—á–∏—Ç—å —Å–µ–π—á–∞—Å."
7,–î–µ–ø–æ–∑–∏—Ç –°–±–µ—Ä–µ–≥–∞—Ç–µ–ª—å–Ω—ã–π,"–†—É—Å–ª–∞–Ω, –≤–∞—à –æ—Å—Ç–∞—Ç–æ–∫ –Ω–∞ —Å—á–µ—Ç–µ –º–æ–∂–µ—Ç –ø—Ä–∏–Ω–æ—Å–∏—Ç—å —Ä–µ–∞–ª—å–Ω—ã–π –¥–æ—Ö–æ–¥. –†–∞–∑–º–µ—Å—Ç–∏—Ç–µ –µ–≥–æ –Ω–∞ —Å–±–µ—Ä–µ–≥–∞—Ç–µ–ª—å–Ω–æ–º –≤–∫–ª–∞–¥–µ –∏ –ø–æ–ª—É—á–∏—Ç–µ –¥–æ 666 764 ‚Ç∏ –≥–æ–¥–æ–≤—ã—Ö. üìà –û—Ç–∫—Ä—ã—Ç—å."
7,–î–µ–ø–æ–∑–∏—Ç –ù–∞–∫–æ–ø–∏—Ç–µ–ª—å–Ω—ã–π,"–†—É—Å–ª–∞–Ω, —É –Ω–∞—Å –µ—Å—Ç—å –¥–ª—è –≤–∞—Å –ø—Ä–µ–¥–ª–æ–∂–µ–Ω–∏–µ –ø–æ –ø—Ä–æ–¥—É–∫—Ç—É ¬´–î–µ–ø–æ–∑–∏—Ç –ù–∞–∫–æ–ø–∏—Ç–µ–ª—å–Ω—ã–π¬ª —Å –≤—ã–≥–æ–¥–æ–π –¥–æ 626 354 ‚Ç∏. –£–∑–Ω–∞–π—Ç–µ –ø–æ–¥—Ä–æ–±–Ω–æ—Å—Ç–∏ –≤ –ø—Ä–∏–ª–æ–∂–µ–Ω–∏–∏. üòä"
7,–î–µ–ø–æ–∑–∏—Ç –ú—É–ª—å—Ç–∏–≤–∞–ª—é—Ç–Ω—ã–π,"–†—É—Å–ª–∞–Ω, —É –Ω–∞—Å –µ—Å—Ç—å –¥–ª—è –≤–∞—Å –ø—Ä–µ–¥–ª–æ–∂–µ–Ω–∏–µ –ø–æ –ø—Ä–æ–¥—É–∫—Ç—É ¬´–î–µ–ø–æ–∑–∏—Ç –ú—É–ª—å—Ç–∏–≤–∞–ª—é—Ç–Ω—ã–π¬ª —Å –≤—ã–≥–æ–¥–æ–π –¥–æ 585 944 ‚Ç∏. –£–∑–Ω–∞–π—Ç–µ –ø–æ–¥—Ä–æ–±–Ω–æ—Å—Ç–∏ –≤ –ø—Ä–∏–ª–æ–∂–µ–Ω–∏–∏. üòä"
7,–ö—Ä–µ–¥–∏—Ç–Ω–∞—è –∫–∞—Ä—Ç–∞,"–†—É—Å–ª–∞–Ω, –≤–∞—à–∏ —Ç–æ–ø-–∫–∞—Ç–µ–≥–æ—Ä–∏–∏ ‚Äî –ü—Ä–æ–¥—É–∫—Ç—ã –ø–∏—Ç–∞–Ω–∏—è, –ö–∞—Ñ–µ –∏ —Ä–µ—Å—Ç–æ—Ä–∞–Ω—ã, –ö–æ—Å–º–µ—Ç–∏–∫–∞ –∏ –ü–∞—Ä—Ñ—é–º–µ—Ä–∏—è. –° –∫—Ä–µ–¥–∏—Ç–Ω–æ–π –∫–∞—Ä—Ç–æ–π –≤—ã –±—ã –ø–æ–ª—É—á–∏–ª–∏ –¥–æ 10% –∫–µ—à–±—ç–∫–∞, –∞ –≤–∞—à–∞ –≤—ã–≥–æ–¥–∞ —Å–æ—Å—Ç–∞–≤–∏–ª–∞ –±—ã 324 028 ‚Ç∏. üí≥ –û—Ñ–æ—Ä–º–∏—Ç—å –∫–∞—Ä—Ç—É."
8,–î–µ–ø–æ–∑–∏—Ç –°–±–µ—Ä–µ–≥–∞—Ç–µ–ª—å–Ω—ã–π,"–ó–∞—Å—Ç–∞–≤—å—Ç–µ –≤–∞—à–∏ –¥–µ–Ω—å–≥–∏ —Ä–∞–±–æ—Ç–∞—Ç—å! –ú–∞–¥–∏–Ω–∞, –≤–∞—à –∫–∞–ø–∏—Ç–∞–ª –º–æ–≥ –±—ã –ø—Ä–∏–Ω–µ—Å—Ç–∏ 174 636 ‚Ç∏ –ø–∞—Å—Å–∏–≤–Ω–æ–≥–æ –¥–æ—Ö–æ–¥–∞ –≤ –≥–æ–¥ –Ω–∞ —Å–±–µ—Ä–µ–≥–∞—Ç–µ–ª—å–Ω–æ–º –¥–µ–ø–æ–∑–∏—Ç–µ. –ù–∞—á–∞—Ç—å –∫–æ–ø–∏—Ç—å."
8,–î–µ–ø–æ–∑–∏—Ç –ù–∞–∫–æ–ø–∏—Ç–µ–ª—å–Ω—ã–π,"–ú–∞–¥–∏–Ω–∞, —É –Ω–∞—Å –µ—Å—Ç—å –¥–ª—è –≤–∞—Å –ø—Ä–µ–¥–ª–æ–∂–µ–Ω–∏–µ –ø–æ –ø—Ä–æ–¥—É–∫—Ç—É ¬´–î–µ–ø–æ–∑–∏—Ç –ù–∞–∫–æ–ø–∏—Ç–µ–ª—å–Ω—ã–π¬ª —Å –≤—ã–≥–æ–¥–æ–π –¥–æ 164 052 ‚Ç∏. –£–∑–Ω–∞–π—Ç–µ –ø–æ–¥—Ä–æ–±–Ω–æ—Å—Ç–∏ –≤ –ø—Ä–∏–ª–æ–∂–µ–Ω–∏–∏. üòä"
8,–î–µ–ø–æ–∑–∏—Ç –ú—É–ª—å—Ç–∏–≤–∞–ª—é—Ç–Ω—ã–π,"–ú–∞–¥–∏–Ω–∞, —É –Ω–∞—Å –µ—Å—Ç—å –¥–ª—è –≤–∞—Å –ø—Ä–µ–¥–ª–æ–∂–µ–Ω–∏–µ –ø–æ –ø—Ä–æ–¥—É–∫—Ç—É ¬´–î–µ–ø–æ–∑–∏—Ç –ú—É–ª—å—Ç–∏–≤–∞–ª—é—Ç–Ω—ã–π¬ª —Å –≤—ã–≥–æ–¥–æ–π –¥–æ 153 468 ‚Ç∏. –£–∑–Ω–∞–π—Ç–µ –ø–æ–¥—Ä–æ–±–Ω–æ—Å—Ç–∏ –≤ –ø—Ä–∏–ª–æ–∂–µ–Ω–∏–∏. üòä"
8,–ö—Ä–µ–¥–∏—Ç–Ω–∞—è –∫–∞—Ä—Ç–∞,"–ú–∞–¥–∏–Ω–∞, –≤–∞—à–∏ —Ç–æ–ø-–∫–∞—Ç–µ–≥–æ—Ä–∏–∏ ‚Äî –ü—Ä–æ–¥—É–∫—Ç—ã –ø–∏—Ç–∞–Ω–∏—è, –ö–æ—Å–º–µ—Ç–∏–∫–∞ –∏ –ü–∞—Ä—Ñ—é–º–µ—Ä–∏—è, –ö–∞—Ñ–µ –∏ —Ä–µ—Å—Ç–æ—Ä–∞–Ω—ã. –° –∫—Ä–µ–¥–∏—Ç–Ω–æ–π –∫–∞—Ä—Ç–æ–π –≤—ã –±—ã –ø–æ–ª—É—á–∏–ª–∏ –¥–æ 10% –∫–µ—à–±—ç–∫–∞, –∞ –≤–∞—à–∞ –≤—ã–≥–æ–¥–∞ —Å–æ—Å—Ç–∞–≤–∏–ª–∞ –±—ã 384 584 ‚Ç∏. üí≥ –û—Ñ–æ—Ä–º–∏—Ç—å –∫–∞—Ä—Ç—É."
9,–î–µ–ø–æ–∑–∏—Ç –°–±–µ—Ä–µ–≥–∞—Ç–µ–ª—å–Ω—ã–π,"–ó–∞—Å—Ç–∞–≤—å—Ç–µ –≤–∞—à–∏ –¥–µ–Ω—å–≥–∏ —Ä–∞–±–æ—Ç–∞—Ç—å! –ê—Ä–º–∞–Ω, –≤–∞—à –∫–∞–ø–∏—Ç–∞–ª –º–æ–≥ –±—ã –ø—Ä–∏–Ω–µ—Å—Ç–∏ 508 889 ‚Ç∏ –ø–∞—Å—Å–∏–≤–Ω–æ–≥–æ –¥–æ—Ö–æ–¥–∞ –≤ –≥–æ–¥ –Ω–∞ —Å–±–µ—Ä–µ–≥–∞—Ç–µ–ª—å–Ω–æ–º –¥–µ–ø–æ–∑–∏—Ç–µ. –ù–∞—á–∞—Ç—å –∫–æ–ø–∏—Ç—å."
9,–î–µ–ø–æ–∑–∏—Ç –ù–∞–∫–æ–ø–∏—Ç–µ–ª—å–Ω—ã–π,"–ê—Ä–º–∞–Ω, —É –Ω–∞—Å –µ—Å—Ç—å –¥–ª—è –≤–∞—Å –ø—Ä–µ–¥–ª–æ–∂–µ–Ω–∏–µ –ø–æ –ø—Ä–æ–¥—É–∫—Ç—É ¬´–î–µ–ø–æ–∑–∏—Ç –ù–∞–∫–æ–ø–∏—Ç–µ–ª—å–Ω—ã–π¬ª —Å –≤—ã–≥–æ–¥–æ–π –¥–æ 478 047 ‚Ç∏. –£–∑–Ω–∞–π—Ç–µ –ø–æ–¥—Ä–æ–±–Ω–æ—Å—Ç–∏ –≤ –ø—Ä–∏–ª–æ–∂–µ–Ω–∏–∏. üòä"
9,–î–µ–ø–æ–∑–∏—Ç –ú—É–ª—å—Ç–∏–≤–∞–ª—é—Ç–Ω—ã–π,"–ê—Ä–º–∞–Ω, —É –Ω–∞—Å –µ—Å—Ç—å –¥–ª—è –≤–∞—Å –ø—Ä–µ–¥–ª–æ–∂–µ–Ω–∏–µ –ø–æ –ø—Ä–æ–¥—É–∫—Ç—É ¬´–î–µ–ø–æ–∑–∏—Ç –ú—É–ª—å—Ç–∏–≤–∞–ª—é—Ç–Ω—ã–π¬ª —Å –≤—ã–≥–æ–¥–æ–π –¥–æ 447 206 ‚Ç∏. –£–∑–Ω–∞–π—Ç–µ –ø–æ–¥—Ä–æ–±–Ω–æ—Å—Ç–∏ –≤ –ø—Ä–∏–ª–æ–∂–µ–Ω–∏–∏. üòä"
9,–ö—Ä–µ–¥–∏—Ç–Ω–∞—è –∫–∞—Ä—Ç–∞,"–ê—Ä–º–∞–Ω, –≤–∞—à–∞ –≤—ã–≥–æ–¥–∞ —Å –Ω–∞—à–µ–π –∫—Ä–µ–¥–∏—Ç–Ω–æ–π –∫–∞—Ä—Ç–æ–π –º–æ–≥–ª–∞ —Å–æ—Å—Ç–∞–≤–∏—Ç—å 335 822 ‚Ç∏ –∑–∞ 3 –º–µ—Å—è—Ü–∞ –±–ª–∞–≥–æ–¥–∞—Ä—è –∫–µ—à–±—ç–∫—É –≤ –ª—é–±–∏–º—ã—Ö –∫–∞—Ç–µ–≥–æ—Ä–∏—è—Ö. –£–∑–Ω–∞–π—Ç–µ –≤–∞—à –∫—Ä–µ–¥–∏—Ç–Ω—ã–π –ª–∏–º–∏—Ç."
10,–î–µ–ø–æ–∑–∏—Ç –°–±–µ—Ä–µ–≥–∞—Ç–µ–ª—å–Ω—ã–π,"–ó–∞—Å—Ç–∞–≤—å—Ç–µ –≤–∞—à–∏ –¥–µ–Ω—å–≥–∏ —Ä–∞–±–æ—Ç–∞—Ç—å! –ö–∞—Ä–∏–Ω–∞, –≤–∞—à –∫–∞–ø–∏—Ç–∞–ª –º–æ–≥ –±—ã –ø—Ä–∏–Ω–µ—Å—Ç–∏ 210 758 ‚Ç∏ –ø–∞—Å—Å–∏–≤–Ω–æ–≥–æ –¥–æ—Ö–æ–¥–∞ –≤ –≥–æ–¥ –Ω–∞ —Å–±–µ—Ä–µ–≥–∞—Ç–µ–ª—å–Ω–æ–º –¥–µ–ø–æ–∑–∏—Ç–µ. –ù–∞—á–∞—Ç—å –∫–æ–ø–∏—Ç—å."
10,–î–µ–ø–æ–∑–∏—Ç –ù–∞–∫–æ–ø–∏—Ç–µ–ª—å–Ω—ã–π,"–ö–∞—Ä–∏–Ω–∞, —É –Ω–∞—Å –µ—Å—Ç—å –¥–ª—è –≤–∞—Å –ø—Ä–µ–¥–ª–æ–∂–µ–Ω–∏–µ –ø–æ –ø—Ä–æ–¥—É–∫—Ç—É ¬´–î–µ–ø–æ–∑–∏—Ç –ù–∞–∫–æ–ø–∏—Ç–µ–ª—å–Ω—ã–π¬ª —Å –≤—ã–≥–æ–¥–æ–π –¥–æ 197 985 ‚Ç∏. –£–∑–Ω–∞–π—Ç–µ –ø–æ–¥—Ä–æ–±–Ω–æ—Å—Ç–∏ –≤ –ø—Ä–∏–ª–æ–∂–µ–Ω–∏–∏. üòä"
10,–î–µ–ø–æ–∑–∏—Ç –ú—É–ª—å—Ç–∏–≤–∞–ª—é—Ç–Ω—ã–π,"–ö–∞—Ä–∏–Ω–∞, —É –Ω–∞—Å –µ—Å—Ç—å –¥–ª—è –≤–∞—Å –ø—Ä–µ–¥–ª–æ–∂–µ–Ω–∏–µ –ø–æ –ø—Ä–æ–¥—É–∫—Ç—É ¬´–î–µ–ø–æ–∑–∏—Ç –ú—É–ª—å—Ç–∏–≤–∞–ª—é—Ç–Ω—ã–π¬ª —Å –≤—ã–≥–æ–¥–æ–π –¥–æ 185 212 ‚Ç∏. –£–∑–Ω–∞–π—Ç–µ –ø–æ–¥—Ä–æ–±–Ω–æ—Å—Ç–∏ –≤ –ø—Ä–∏–ª–æ–∂–µ–Ω–∏–∏. üòä"
10,–ö—Ä–µ–¥–∏—Ç–Ω–∞—è –∫–∞—Ä—Ç–∞,"–ö–∞—Ä–∏–Ω–∞, –≤–∞—à–∏ —Ç–æ–ø-–∫–∞—Ç–µ–≥–æ—Ä–∏–∏ ‚Äî –ü—Ä–æ–¥—É–∫—Ç—ã –ø–∏—Ç–∞–Ω–∏—è, –ö–æ—Å–º–µ—Ç–∏–∫–∞ –∏ –ü–∞—Ä—Ñ—é–º–µ—Ä–∏—è, –ö–∞—Ñ–µ –∏ —Ä–µ—Å—Ç–æ—Ä–∞–Ω—ã. –° –∫—Ä–µ–¥–∏—Ç–Ω–æ–π –∫–∞—Ä—Ç–æ–π –≤—ã –±—ã –ø–æ–ª—É—á–∏–ª–∏ –¥–æ 10% –∫–µ—à–±—ç–∫–∞, –∞ –≤–∞—à–∞ –≤—ã–≥–æ–¥–∞ —Å–æ—Å—Ç–∞–≤–∏–ª–∞ –±—ã 350 601 ‚Ç∏. üí≥ –û—Ñ–æ—Ä–º–∏—Ç—å –∫–∞—Ä—Ç—É."
11,–î–µ–ø–æ–∑–∏—Ç –°–±–µ—Ä–µ–≥–∞—Ç–µ–ª—å–Ω—ã–π,"–ë–∞—É—Ä–∂–∞–Ω, –≤–∞—à –æ—Å—Ç–∞—Ç–æ–∫ –Ω–∞ —Å—á–µ—Ç–µ –º–æ–∂–µ—Ç –ø—Ä–∏–Ω–æ—Å–∏—Ç—å —Ä–µ–∞–ª—å–Ω—ã–π –¥–æ—Ö–æ–¥. –†–∞–∑–º–µ—Å—Ç–∏—Ç–µ –µ–≥–æ –Ω–∞ —Å–±–µ—Ä–µ–≥–∞—Ç–µ–ª—å–Ω–æ–º –≤–∫–ª–∞–¥–µ –∏ –ø–æ–ª—É—á–∏—Ç–µ –¥–æ 533 044 ‚Ç∏ –≥–æ–¥–æ–≤—ã—Ö. üìà –û—Ç–∫—Ä—ã—Ç—å."
11,–î–µ–ø–æ–∑–∏—Ç –ù–∞–∫–æ–ø–∏—Ç–µ–ª—å–Ω—ã–π,"–ë–∞—É—Ä–∂–∞–Ω, —É –Ω–∞—Å –µ—Å—Ç—å –¥–ª—è –≤–∞—Å –ø—Ä–µ–¥–ª–æ–∂–µ–Ω–∏–µ –ø–æ –ø—Ä–æ–¥—É–∫—Ç—É ¬´–î–µ–ø–æ–∑–∏—Ç –ù–∞–∫–æ–ø–∏—Ç–µ–ª—å–Ω—ã–π¬ª —Å –≤—ã–≥–æ–¥–æ–π –¥–æ 500 738 ‚Ç∏. –£–∑–Ω–∞–π—Ç–µ –ø–æ–¥—Ä–æ–±–Ω–æ—Å—Ç–∏ –≤ –ø—Ä–∏–ª–æ–∂–µ–Ω–∏–∏. üòä"
11,–î–µ–ø–æ–∑–∏—Ç –ú—É–ª—å—Ç–∏–≤–∞–ª—é—Ç–Ω—ã–π,"–ë–∞—É—Ä–∂–∞–Ω, —É –Ω–∞—Å –µ—Å—Ç—å –¥–ª—è –≤–∞—Å –ø—Ä–µ–¥–ª–æ–∂–µ–Ω–∏–µ –ø–æ –ø—Ä–æ–¥—É–∫—Ç—É ¬´–î–µ–ø–æ–∑–∏—Ç –ú—É–ª—å—Ç–∏–≤–∞–ª—é—Ç–Ω—ã–π¬ª —Å –≤—ã–≥–æ–¥–æ–π –¥–æ 468 432 ‚Ç∏. –£–∑–Ω–∞–π—Ç–µ –ø–æ–¥—Ä–æ–±–Ω–æ—Å—Ç–∏ –≤ –ø—Ä–∏–ª–æ–∂–µ–Ω–∏–∏. üòä"
11,–ö—Ä–µ–¥–∏—Ç–Ω–∞—è –∫–∞—Ä—Ç–∞,"–ü–æ–∫—É–ø–∞–π—Ç–µ —Ç–æ, —á—Ç–æ –ª—é–±–∏—Ç–µ, –∏ —ç–∫–æ–Ω–æ–º—å—Ç–µ! –ë–∞—É—Ä–∂–∞–Ω, —Å –Ω–∞—à–µ–π –∫—Ä–µ–¥–∏—Ç–Ω–æ–π –∫–∞—Ä—Ç–æ–π –≤—ã –±—ã –≤–µ—Ä–Ω—É–ª–∏ 363 237 ‚Ç∏ —Å –≤–∞—à–∏—Ö –æ–±—ã—á–Ω—ã—Ö –ø–æ–∫—É–ø–æ–∫. –ù–∞—á–∞—Ç—å —ç–∫–æ–Ω–æ–º–∏—Ç—å."
12,–ö—Ä–µ–¥–∏—Ç–Ω–∞—è –∫–∞—Ä—Ç–∞,"–ñ–∞–Ω–∞—Ä, –≤–∞—à–∞ –≤—ã–≥–æ–¥–∞ —Å –Ω–∞—à–µ–π –∫—Ä–µ–¥–∏—Ç–Ω–æ–π –∫–∞—Ä—Ç–æ–π –º–æ–≥–ª–∞ —Å–æ—Å—Ç–∞–≤–∏—Ç—å 298 602 ‚Ç∏ –∑–∞ 3 –º–µ—Å—è—Ü–∞ –±–ª–∞–≥–æ–¥–∞—Ä—è –∫–µ—à–±—ç–∫—É –≤ –ª—é–±–∏–º—ã—Ö –∫–∞—Ç–µ–≥–æ—Ä–∏—è—Ö. –£–∑–Ω–∞–π—Ç–µ –≤–∞—à –∫—Ä–µ–¥–∏—Ç–Ω—ã–π –ª–∏–º–∏—Ç."
12,–ü—Ä–µ–º–∏–∞–ª—å–Ω–∞—è –∫–∞—Ä—Ç–∞,"–ñ–∞–Ω–∞—Ä, —Å –≤–∞—à–∏–º —Å—Ç–∏–ª–µ–º —Ç—Ä–∞—Ç –ø—Ä–µ–º–∏–∞–ª—å–Ω–∞—è –∫–∞—Ä—Ç–∞ –º–æ–≥–ª–∞ –±—ã –ø—Ä–∏–Ω–µ—Å—Ç–∏ 105 283 ‚Ç∏ –∑–∞ 3 –º–µ—Å—è—Ü–∞. –ù–∞—Å–ª–∞–∂–¥–∞–π—Ç–µ—Å—å –ø–æ–≤—ã—à–µ–Ω–Ω—ã–º –∫–µ—à–±—ç–∫–æ–º –∏ –ø—Ä–∏–≤–∏–ª–µ–≥–∏—è–º–∏! ‚ú® –û—Ñ–æ—Ä–º–∏—Ç—å —Å–µ–π—á–∞—Å."
12,–ö–∞—Ä—Ç–∞ –¥–ª—è –ø—É—Ç–µ—à–µ—Å—Ç–≤–∏–π,"–ñ–∞–Ω–∞—Ä, –∑–∞–º–µ—Ç–∏–ª–∏ –≤–∞—à–∏ —Ç—Ä–∞—Ç—ã –Ω–∞ —Ç–∞–∫—Å–∏ –∏ –æ—Ç–µ–ª–∏. –ü—Ä–µ–≤—Ä–∞—Ç–∏—Ç–µ –∏—Ö –≤ –≤—ã–≥–æ–¥—É! –° –Ω–∞—à–µ–π –∫–∞—Ä—Ç–æ–π –¥–ª—è –ø—É—Ç–µ—à–µ—Å—Ç–≤–∏–π –≤—ã –±—ã —Å—ç–∫–æ–Ω–æ–º–∏–ª–∏ 10 719 ‚Ç∏. –£–∑–Ω–∞–π—Ç–µ –±–æ–ª—å—à–µ."
12,–ö—Ä–µ–¥–∏—Ç –Ω–∞–ª–∏—á–Ω—ã–º–∏,"–ñ–∞–Ω–∞—Ä, –µ—Å–ª–∏ –Ω—É–∂–µ–Ω –∑–∞–ø–∞—Å –Ω–∞ –∫—Ä—É–ø–Ω—ã–µ —Ç—Ä–∞—Ç—ã ‚Äî –º–æ–∂–Ω–æ –æ—Ñ–æ—Ä–º–∏—Ç—å –∫—Ä–µ–¥–∏—Ç –Ω–∞–ª–∏—á–Ω—ã–º–∏ —Å –≥–∏–±–∫–∏–º–∏ –≤—ã–ø–ª–∞—Ç–∞–º–∏. –£–∑–Ω–∞–π—Ç–µ –¥–æ—Å—Ç—É–ø–Ω—ã–π –ª–∏–º–∏—Ç –ø—Ä—è–º–æ –≤ –ø—Ä–∏–ª–æ–∂–µ–Ω–∏–∏."
13,–ö—Ä–µ–¥–∏—Ç–Ω–∞—è –∫–∞—Ä—Ç–∞,"–ê–ª–∏–Ω–∞, –≤–∞—à–∞ –≤—ã–≥–æ–¥–∞ —Å –Ω–∞—à–µ–π –∫—Ä–µ–¥–∏—Ç–Ω–æ–π –∫–∞—Ä—Ç–æ–π –º–æ–≥–ª–∞ —Å–æ—Å—Ç–∞–≤–∏—Ç—å 191 764 ‚Ç∏ –∑–∞ 3 –º–µ—Å—è—Ü–∞ –±–ª–∞–≥–æ–¥–∞—Ä—è –∫–µ—à–±—ç–∫—É –≤ –ª—é–±–∏–º—ã—Ö –∫–∞—Ç–µ–≥–æ—Ä–∏—è—Ö. –£–∑–Ω–∞–π—Ç–µ –≤–∞—à –∫—Ä–µ–¥–∏—Ç–Ω—ã–π –ª–∏–º–∏—Ç."
13,–ö–∞—Ä—Ç–∞ –¥–ª—è –ø—É—Ç–µ—à–µ—Å—Ç–≤–∏–π,"–ê–ª–∏–Ω–∞, –≤–∞—à–∏ –ø–æ–µ–∑–¥–∫–∏ –º–æ–≥—É—Ç –±—ã—Ç—å –µ—â–µ –≤—ã–≥–æ–¥–Ω–µ–µ. –° —Ç—Ä–µ–≤–µ–ª-–∫–∞—Ä—Ç–æ–π –≤—ã –º–æ–≥–ª–∏ –±—ã –≤–µ—Ä–Ω—É—Ç—å 9 694 ‚Ç∏ –∑–∞ –ø–æ—Å–ª–µ–¥–Ω–∏–µ 3 –º–µ—Å—è—Ü–∞. ‚úàÔ∏è –•–æ—Ç–∏—Ç–µ –æ—Ñ–æ—Ä–º–∏—Ç—å?"
13,–ü—Ä–µ–º–∏–∞–ª—å–Ω–∞—è –∫–∞—Ä—Ç–∞,"–ê–ª–∏–Ω–∞, —Å –≤–∞—à–∏–º —Å—Ç–∏–ª–µ–º —Ç—Ä–∞—Ç –ø—Ä–µ–º–∏–∞–ª—å–Ω–∞—è –∫–∞—Ä—Ç–∞ –º–æ–≥–ª–∞ –±—ã –ø—Ä–∏–Ω–µ—Å—Ç–∏ 0 ‚Ç∏ –∑–∞ 3 –º–µ—Å—è—Ü–∞. –ù–∞—Å–ª–∞–∂–¥–∞–π—Ç–µ—Å—å –ø–æ–≤—ã—à–µ–Ω–Ω—ã–º –∫–µ—à–±—ç–∫–æ–º –∏ –ø—Ä–∏–≤–∏–ª–µ–≥–∏—è–º–∏! ‚ú® –û—Ñ–æ—Ä–º–∏—Ç—å —Å–µ–π—á–∞—Å."
13,–ö—Ä–µ–¥–∏—Ç –Ω–∞–ª–∏—á–Ω—ã–º–∏,"–ê–ª–∏–Ω–∞, –ø–ª–∞–Ω–∏—Ä—É–µ—Ç–µ –±–æ–ª—å—à–æ–µ —Å–æ–±—ã—Ç–∏–µ –∏–ª–∏ –ø–æ–∫—É–ø–∫—É? –ö—Ä–µ–¥–∏—Ç –Ω–∞–ª–∏—á–Ω—ã–º–∏ –ø–æ–º–æ–∂–µ—Ç —Ä–µ–∞–ª–∏–∑–æ–≤–∞—Ç—å –≤–∞—à–∏ –ø–ª–∞–Ω—ã –±–µ–∑ –ª–∏—à–Ω–∏—Ö —Å–ø—Ä–∞–≤–æ–∫ –∏ –æ–∂–∏–¥–∞–Ω–∏–π. –†–∞—Å—Å—á–∏—Ç–∞—Ç—å —É—Å–ª–æ–≤–∏—è."
14,–ö—Ä–µ–¥–∏—Ç–Ω–∞—è –∫–∞—Ä—Ç–∞,"–î–∏–∞—Å, –≤–∞—à–∞ –≤—ã–≥–æ–¥–∞ —Å –Ω–∞—à–µ–π –∫—Ä–µ–¥–∏—Ç–Ω–æ–π –∫–∞—Ä—Ç–æ–π –º–æ–≥–ª–∞ —Å–æ—Å—Ç–∞–≤–∏—Ç—å 232 320 ‚Ç∏ –∑–∞ 3 –º–µ—Å—è—Ü–∞ –±–ª–∞–≥–æ–¥–∞—Ä—è –∫–µ—à–±—ç–∫—É –≤ –ª—é–±–∏–º—ã—Ö –∫–∞—Ç–µ–≥–æ—Ä–∏—è—Ö. –£–∑–Ω–∞–π—Ç–µ –≤–∞—à –∫—Ä–µ–¥–∏—Ç–Ω—ã–π –ª–∏–º–∏—Ç."
14,–ö–∞—Ä—Ç–∞ –¥–ª—è –ø—É—Ç–µ—à–µ—Å—Ç–≤–∏–π,"–î–∏–∞—Å, –≤–∞—à–∏ –ø–æ–µ–∑–¥–∫–∏ –º–æ–≥—É—Ç –±—ã—Ç—å –µ—â–µ –≤—ã–≥–æ–¥–Ω–µ–µ. –° —Ç—Ä–µ–≤–µ–ª-–∫–∞—Ä—Ç–æ–π –≤—ã –º–æ–≥–ª–∏ –±—ã –≤–µ—Ä–Ω—É—Ç—å 6 724 ‚Ç∏ –∑–∞ –ø–æ—Å–ª–µ–¥–Ω–∏–µ 3 –º–µ—Å—è—Ü–∞. ‚úàÔ∏è –•–æ—Ç–∏—Ç–µ –æ—Ñ–æ—Ä–º–∏—Ç—å?"
14,–ö—Ä–µ–¥–∏—Ç –Ω–∞–ª–∏—á–Ω—ã–º–∏,"–î–∏–∞—Å, –ø–ª–∞–Ω–∏—Ä—É–µ—Ç–µ –±–æ–ª—å—à–æ–µ —Å–æ–±—ã—Ç–∏–µ –∏–ª–∏ –ø–æ–∫—É–ø–∫—É? –ö—Ä–µ–¥–∏—Ç –Ω–∞–ª–∏—á–Ω—ã–º–∏ –ø–æ–º–æ–∂–µ—Ç —Ä–µ–∞–ª–∏–∑–æ–≤–∞—Ç—å –≤–∞—à–∏ –ø–ª–∞–Ω—ã –±–µ–∑ –ª–∏—à–Ω–∏—Ö —Å–ø—Ä–∞–≤–æ–∫ –∏ –æ–∂–∏–¥–∞–Ω–∏–π. –†–∞—Å—Å—á–∏—Ç–∞—Ç—å —É—Å–ª–æ–≤–∏—è."
14,–ü—Ä–µ–º–∏–∞–ª—å–Ω–∞—è –∫–∞—Ä—Ç–∞,"–î–∏–∞—Å, —Å –≤–∞—à–∏–º —Å—Ç–∏–ª–µ–º —Ç—Ä–∞—Ç –ø—Ä–µ–º–∏–∞–ª—å–Ω–∞—è –∫–∞—Ä—Ç–∞ –º–æ–≥–ª–∞ –±—ã –ø—Ä–∏–Ω–µ—Å—Ç–∏ 0 ‚Ç∏ –∑–∞ 3 –º–µ—Å—è—Ü–∞. –ù–∞—Å–ª–∞–∂–¥–∞–π—Ç–µ—Å—å –ø–æ–≤—ã—à–µ–Ω–Ω—ã–º –∫–µ—à–±—ç–∫–æ–º –∏ –ø—Ä–∏–≤–∏–ª–µ–≥–∏—è–º–∏! ‚ú® –û—Ñ–æ—Ä–º–∏—Ç—å —Å–µ–π—á–∞—Å."
15,–ö—Ä–µ–¥–∏—Ç–Ω–∞—è –∫–∞—Ä—Ç–∞,"–ù—É—Ä–∏—è, –≤–∞—à–∞ –≤—ã–≥–æ–¥–∞ —Å –Ω–∞—à–µ–π –∫—Ä–µ–¥–∏—Ç–Ω–æ–π –∫–∞—Ä—Ç–æ–π –º–æ–≥–ª–∞ —Å–æ—Å—Ç–∞–≤–∏—Ç—å 256 936 ‚Ç∏ –∑–∞ 3 –º–µ—Å—è—Ü–∞ –±–ª–∞–≥–æ–¥–∞—Ä—è –∫–µ—à–±—ç–∫—É –≤ –ª—é–±–∏–º—ã—Ö –∫–∞—Ç–µ–≥–æ—Ä–∏—è—Ö. –£–∑–Ω–∞–π—Ç–µ –≤–∞—à –∫—Ä–µ–¥–∏—Ç–Ω—ã–π –ª–∏–º–∏—Ç."
15,–ö–∞—Ä—Ç–∞ –¥–ª—è –ø—É—Ç–µ—à–µ—Å—Ç–≤–∏–π,"–ù—É—Ä–∏—è, –∑–∞–º–µ—Ç–∏–ª–∏ –≤–∞—à–∏ —Ç—Ä–∞—Ç—ã –Ω–∞ —Ç–∞–∫—Å–∏ –∏ –æ—Ç–µ–ª–∏. –ü—Ä–µ–≤—Ä–∞—Ç–∏—Ç–µ –∏—Ö –≤ –≤—ã–≥–æ–¥—É! –° –Ω–∞—à–µ–π –∫–∞—Ä—Ç–æ–π –¥–ª—è –ø—É—Ç–µ—à–µ—Å—Ç–≤–∏–π –≤—ã –±—ã —Å—ç–∫–æ–Ω–æ–º–∏–ª–∏ 7 785 ‚Ç∏. –£–∑–Ω–∞–π—Ç–µ –±–æ–ª—å—à–µ."
15,–ö—Ä–µ–¥–∏—Ç –Ω–∞–ª–∏—á–Ω—ã–º–∏,"–ù—É—Ä–∏—è, –ø–ª–∞–Ω–∏—Ä—É–µ—Ç–µ –±–æ–ª—å—à–æ–µ —Å–æ–±—ã—Ç–∏–µ –∏–ª–∏ –ø–æ–∫—É–ø–∫—É? –ö—Ä–µ–¥–∏—Ç –Ω–∞–ª–∏—á–Ω—ã–º–∏ –ø–æ–º–æ–∂–µ—Ç —Ä–µ–∞–ª–∏–∑–æ–≤–∞—Ç—å –≤–∞—à–∏ –ø–ª–∞–Ω—ã –±–µ–∑ –ª–∏—à–Ω–∏—Ö —Å–ø—Ä–∞–≤–æ–∫ –∏ –æ–∂–∏–¥–∞–Ω–∏–π. –†–∞—Å—Å—á–∏—Ç–∞—Ç—å —É—Å–ª–æ–≤–∏—è."
15,–ü—Ä–µ–º–∏–∞–ª—å–Ω–∞—è –∫–∞—Ä—Ç–∞,"–ù—É—Ä–∏—è, –≤–∞—à —Å—Ç–∞—Ç—É—Å –ø–æ–∑–≤–æ–ª—è–µ—Ç –ø–æ–ª—É—á–∞—Ç—å –±–æ–ª—å—à–µ. –ü—Ä–µ–º–∏–∞–ª—å–Ω–∞—è –∫–∞—Ä—Ç–∞ ‚Äî —ç—Ç–æ –Ω–µ —Ç–æ–ª—å–∫–æ –∫–æ–º—Ñ–æ—Ä—Ç, –Ω–æ –∏ –ø—Ä—è–º–∞—è –≤—ã–≥–æ–¥–∞, –∫–æ—Ç–æ—Ä–∞—è –º–æ–≥–ª–∞ —Å–æ—Å—Ç–∞–≤–∏—Ç—å 0 ‚Ç∏. –ü–æ–ø—Ä–æ–±—É–π—Ç–µ."
16,–ö—Ä–µ–¥–∏—Ç–Ω–∞—è –∫–∞—Ä—Ç–∞,"–ü–æ–∫—É–ø–∞–π—Ç–µ —Ç–æ, —á—Ç–æ –ª—é–±–∏—Ç–µ, –∏ —ç–∫–æ–Ω–æ–º—å—Ç–µ! –ï—Ä–∞—Å—ã–ª, —Å –Ω–∞—à–µ–π –∫—Ä–µ–¥–∏—Ç–Ω–æ–π –∫–∞—Ä—Ç–æ–π –≤—ã –±—ã –≤–µ—Ä–Ω—É–ª–∏ 174 981 ‚Ç∏ —Å –≤–∞—à–∏—Ö –æ–±—ã—á–Ω—ã—Ö –ø–æ–∫—É–ø–æ–∫. –ù–∞—á–∞—Ç—å —ç–∫–æ–Ω–æ–º–∏—Ç—å."
16,–ö–∞—Ä—Ç–∞ –¥–ª—è –ø—É—Ç–µ—à–µ—Å—Ç–≤–∏–π,"–ü—É—Ç–µ—à–µ—Å—Ç–≤–æ–≤–∞—Ç—å ‚Äî –∑–¥–æ—Ä–æ–≤–æ, –∞ —Å –∫–µ—à–±—ç–∫–æ–º ‚Äî –µ—â–µ –ª—É—á—à–µ! –ï—Ä–∞—Å—ã–ª, –≤–∞—à–∞ –≤—ã–≥–æ–¥–∞ —Å –∫–∞—Ä—Ç–æ–π –¥–ª—è –ø—É—Ç–µ—à–µ—Å—Ç–≤–∏–π –º–æ–≥–ª–∞ —Å–æ—Å—Ç–∞–≤–∏—Ç—å 11 891 ‚Ç∏. –û—Ç–∫—Ä–æ–π—Ç–µ –µ–µ –≤ –ø—Ä–∏–ª–æ–∂–µ–Ω–∏–∏."
16,–ü—Ä–µ–º–∏–∞–ª—å–Ω–∞—è –∫–∞—Ä—Ç–∞,"–ï—Ä–∞—Å—ã–ª, –≤–∞—à —Å—Ç–∞—Ç—É—Å –ø–æ–∑–≤–æ–ª—è–µ—Ç –ø–æ–ª—É—á–∞—Ç—å –±–æ–ª—å—à–µ. –ü—Ä–µ–º–∏–∞–ª—å–Ω–∞—è –∫–∞—Ä—Ç–∞ ‚Äî —ç—Ç–æ –Ω–µ —Ç–æ–ª—å–∫–æ –∫–æ–º—Ñ–æ—Ä—Ç, –Ω–æ –∏ –ø—Ä—è–º–∞—è –≤—ã–≥–æ–¥–∞, –∫–æ—Ç–æ—Ä–∞—è –º–æ–≥–ª–∞ —Å–æ—Å—Ç–∞–≤–∏—Ç—å 0 ‚Ç∏. –ü–æ–ø—Ä–æ–±—É–π—Ç–µ."
16,–ö—Ä–µ–¥–∏—Ç –Ω–∞–ª–∏—á–Ω—ã–º–∏,"–ï—Ä–∞—Å—ã–ª, –µ—Å–ª–∏ –Ω—É–∂–µ–Ω –∑–∞–ø–∞—Å –Ω–∞ –∫—Ä—É–ø–Ω—ã–µ —Ç—Ä–∞—Ç—ã ‚Äî –º–æ–∂–Ω–æ –æ—Ñ–æ—Ä–º–∏—Ç—å –∫—Ä–µ–¥–∏—Ç –Ω–∞–ª–∏—á–Ω—ã–º–∏ —Å –≥–∏–±–∫–∏–º–∏ –≤—ã–ø–ª–∞—Ç–∞–º–∏. –£–∑–Ω–∞–π—Ç–µ –¥–æ—Å—Ç—É–ø–Ω—ã–π –ª–∏–º–∏—Ç –ø—Ä—è–º–æ –≤ –ø—Ä–∏–ª–æ–∂–µ–Ω–∏–∏."
17,–ö—Ä–µ–¥–∏—Ç–Ω–∞—è –∫–∞—Ä—Ç–∞,"–ü–æ–∫—É–ø–∞–π—Ç–µ —Ç–æ, —á—Ç–æ –ª—é–±–∏—Ç–µ, –∏ —ç–∫–æ–Ω–æ–º—å—Ç–µ! –ñ–∞–Ω–µ–ª—å, —Å –Ω–∞—à–µ–π –∫—Ä–µ–¥–∏—Ç–Ω–æ–π –∫–∞—Ä—Ç–æ–π –≤—ã –±—ã –≤–µ—Ä–Ω—É–ª–∏ 239 437 ‚Ç∏ —Å –≤–∞—à–∏—Ö –æ–±—ã—á–Ω—ã—Ö –ø–æ–∫—É–ø–æ–∫. –ù–∞—á–∞—Ç—å —ç–∫–æ–Ω–æ–º–∏—Ç—å."
17,–ö–∞—Ä—Ç–∞ –¥–ª—è –ø—É—Ç–µ—à–µ—Å—Ç–≤–∏–π,"–ñ–∞–Ω–µ–ª—å, –∑–∞–º–µ—Ç–∏–ª–∏ –≤–∞—à–∏ —Ç—Ä–∞—Ç—ã –Ω–∞ —Ç–∞–∫—Å–∏ –∏ –æ—Ç–µ–ª–∏. –ü—Ä–µ–≤—Ä–∞—Ç–∏—Ç–µ –∏—Ö –≤ –≤—ã–≥–æ–¥—É! –° –Ω–∞—à–µ–π –∫–∞—Ä—Ç–æ–π –¥–ª—è –ø—É—Ç–µ—à–µ—Å—Ç–≤–∏–π –≤—ã –±—ã —Å—ç–∫–æ–Ω–æ–º–∏–ª–∏ 7 336 ‚Ç∏. –£–∑–Ω–∞–π—Ç–µ –±–æ–ª—å—à–µ."
17,–ö—Ä–µ–¥–∏—Ç –Ω–∞–ª–∏—á–Ω—ã–º–∏,"–ñ–∞–Ω–µ–ª—å, –ø–ª–∞–Ω–∏—Ä—É–µ—Ç–µ –±–æ–ª—å—à–æ–µ —Å–æ–±—ã—Ç–∏–µ –∏–ª–∏ –ø–æ–∫—É–ø–∫—É? –ö—Ä–µ–¥–∏—Ç –Ω–∞–ª–∏—á–Ω—ã–º–∏ –ø–æ–º–æ–∂–µ—Ç —Ä–µ–∞–ª–∏–∑–æ–≤–∞—Ç—å –≤–∞—à–∏ –ø–ª–∞–Ω—ã –±–µ–∑ –ª–∏—à–Ω–∏—Ö —Å–ø—Ä–∞–≤–æ–∫ –∏ –æ–∂–∏–¥–∞–Ω–∏–π. –†–∞—Å—Å—á–∏—Ç–∞—Ç—å —É—Å–ª–æ–≤–∏—è."
17,–ü—Ä–µ–º–∏–∞–ª—å–Ω–∞—è –∫–∞—Ä—Ç–∞,"–ñ–∞–Ω–µ–ª—å, —Å –≤–∞—à–∏–º —Å—Ç–∏–ª–µ–º —Ç—Ä–∞—Ç –ø—Ä–µ–º–∏–∞–ª—å–Ω–∞—è –∫–∞—Ä—Ç–∞ –º–æ–≥–ª–∞ –±—ã –ø—Ä–∏–Ω–µ—Å—Ç–∏ 0 ‚Ç∏ –∑–∞ 3 –º–µ—Å—è—Ü–∞. –ù–∞—Å–ª–∞–∂–¥–∞–π—Ç–µ—Å—å –ø–æ–≤—ã—à–µ–Ω–Ω—ã–º –∫–µ—à–±—ç–∫–æ–º –∏ –ø—Ä–∏–≤–∏–ª–µ–≥–∏—è–º–∏! ‚ú® –û—Ñ–æ—Ä–º–∏—Ç—å —Å–µ–π—á–∞—Å."
18,–ö—Ä–µ–¥–∏—Ç–Ω–∞—è –∫–∞—Ä—Ç–∞,"–°–∞–Ω–∂–∞—Ä, –≤–∞—à–∏ —Ç–æ–ø-–∫–∞—Ç–µ–≥–æ—Ä–∏–∏ ‚Äî –ü—Ä–æ–¥—É–∫—Ç—ã –ø–∏—Ç–∞–Ω–∏—è, –ö–∞—Ñ–µ –∏ —Ä–µ—Å—Ç–æ—Ä–∞–Ω—ã, –ï–¥–∏–º –¥–æ–º–∞. –° –∫—Ä–µ–¥–∏—Ç–Ω–æ–π –∫–∞—Ä—Ç–æ–π –≤—ã –±—ã –ø–æ–ª—É—á–∏–ª–∏ –¥–æ 10% –∫–µ—à–±—ç–∫–∞, –∞ –≤–∞—à–∞ –≤—ã–≥–æ–¥–∞ —Å–æ—Å—Ç–∞–≤–∏–ª–∞ –±—ã 277 275 ‚Ç∏. üí≥ –û—Ñ–æ—Ä–º–∏—Ç—å –∫–∞—Ä—Ç—É."
18,–ö–∞—Ä—Ç–∞ –¥–ª—è –ø—É—Ç–µ—à–µ—Å—Ç–≤–∏–π,"–°–∞–Ω–∂–∞—Ä, –∑–∞–º–µ—Ç–∏–ª–∏ –≤–∞—à–∏ —Ç—Ä–∞—Ç—ã –Ω–∞ —Ç–∞–∫—Å–∏ –∏ –æ—Ç–µ–ª–∏. –ü—Ä–µ–≤—Ä–∞—Ç–∏—Ç–µ –∏—Ö –≤ –≤—ã–≥–æ–¥—É! –° –Ω–∞—à–µ–π –∫–∞—Ä—Ç–æ–π –¥–ª—è –ø—É—Ç–µ—à–µ—Å—Ç–≤–∏–π –≤—ã –±—ã —Å—ç–∫–æ–Ω–æ–º–∏–ª–∏ 6 984 ‚Ç∏. –£–∑–Ω–∞–π—Ç–µ –±–æ–ª—å—à–µ."
18,–ö—Ä–µ–¥–∏—Ç –Ω–∞–ª–∏—á–Ω—ã–º–∏,"–°–∞–Ω–∂–∞—Ä, –ø–ª–∞–Ω–∏—Ä—É–µ—Ç–µ –±–æ–ª—å—à–æ–µ —Å–æ–±—ã—Ç–∏–µ –∏–ª–∏ –ø–æ–∫—É–ø–∫—É? –ö—Ä–µ–¥–∏—Ç –Ω–∞–ª–∏—á–Ω—ã–º–∏ –ø–æ–º–æ–∂–µ—Ç —Ä–µ–∞–ª–∏–∑–æ–≤–∞—Ç—å –≤–∞—à–∏ –ø–ª–∞–Ω—ã –±–µ–∑ –ª–∏—à–Ω–∏—Ö —Å–ø—Ä–∞–≤–æ–∫ –∏ –æ–∂–∏–¥–∞–Ω–∏–π. –†–∞—Å—Å—á–∏—Ç–∞—Ç—å —É—Å–ª–æ–≤–∏—è."
18,–ü—Ä–µ–º–∏–∞–ª—å–Ω–∞—è –∫–∞—Ä—Ç–∞,"–ó–∞–º–µ—Ç–∏–ª–∏ –≤–∞—à–∏ —Ç—Ä–∞—Ç—ã –≤ —Ä–µ—Å—Ç–æ—Ä–∞–Ω–∞—Ö. –°–∞–Ω–∂–∞—Ä, —Å –ø—Ä–µ–º–∏–∞–ª—å–Ω–æ–π –∫–∞—Ä—Ç–æ–π –≤—ã –±—ã –ø–æ–ª—É—á–∏–ª–∏ –Ω–µ —Ç–æ–ª—å–∫–æ –ø–æ–≤—ã—à–µ–Ω–Ω—ã–π –∫–µ—à–±—ç–∫, –Ω–æ –∏ –≤—ã–≥–æ–¥—É –≤ 0 ‚Ç∏. –ü–æ–¥–∫–ª—é—á–∏—Ç—å —Å–µ–π—á–∞—Å."
19,–ö—Ä–µ–¥–∏—Ç–Ω–∞—è –∫–∞—Ä—Ç–∞,"–ü–æ–∫—É–ø–∞–π—Ç–µ —Ç–æ, —á—Ç–æ –ª—é–±–∏—Ç–µ, –∏ —ç–∫–æ–Ω–æ–º—å—Ç–µ! –ê–∑–∞–º–∞—Ç, —Å –Ω–∞—à–µ–π –∫—Ä–µ–¥–∏—Ç–Ω–æ–π –∫–∞—Ä—Ç–æ–π –≤—ã –±—ã –≤–µ—Ä–Ω—É–ª–∏ 285 319 ‚Ç∏ —Å –≤–∞—à–∏—Ö –æ–±—ã—á–Ω—ã—Ö –ø–æ–∫—É–ø–æ–∫. –ù–∞—á–∞—Ç—å —ç–∫–æ–Ω–æ–º–∏—Ç—å."
19,–ö–∞—Ä—Ç–∞ –¥–ª—è –ø—É—Ç–µ—à–µ—Å—Ç–≤–∏–π,"–ü—É—Ç–µ—à–µ—Å—Ç–≤–æ–≤–∞—Ç—å ‚Äî –∑–¥–æ—Ä–æ–≤–æ, –∞ —Å –∫–µ—à–±—ç–∫–æ–º ‚Äî –µ—â–µ –ª—É—á—à–µ! –ê–∑–∞–º–∞—Ç, –≤–∞—à–∞ –≤—ã–≥–æ–¥–∞ —Å –∫–∞—Ä—Ç–æ–π –¥–ª—è –ø—É—Ç–µ—à–µ—Å—Ç–≤–∏–π –º–æ–≥–ª–∞ —Å–æ—Å—Ç–∞–≤–∏—Ç—å 8 983 ‚Ç∏. –û—Ç–∫—Ä–æ–π—Ç–µ –µ–µ –≤ –ø—Ä–∏–ª–æ–∂–µ–Ω–∏–∏."
19,–ö—Ä–µ–¥–∏—Ç –Ω–∞–ª–∏—á–Ω—ã–º–∏,"–ê–∑–∞–º–∞—Ç, –µ—Å–ª–∏ –Ω—É–∂–µ–Ω –∑–∞–ø–∞—Å –Ω–∞ –∫—Ä—É–ø–Ω—ã–µ —Ç—Ä–∞—Ç—ã ‚Äî –º–æ–∂–Ω–æ –æ—Ñ–æ—Ä–º–∏—Ç—å –∫—Ä–µ–¥–∏—Ç –Ω–∞–ª–∏—á–Ω—ã–º–∏ —Å –≥–∏–±–∫–∏–º–∏ –≤—ã–ø–ª–∞—Ç–∞–º–∏. –£–∑–Ω–∞–π—Ç–µ –¥–æ—Å—Ç—É–ø–Ω—ã–π –ª–∏–º–∏—Ç –ø—Ä—è–º–æ –≤ –ø—Ä–∏–ª–æ–∂–µ–Ω–∏–∏."
19,–ü—Ä–µ–º–∏–∞–ª—å–Ω–∞—è –∫–∞—Ä—Ç–∞,"–ê–∑–∞–º–∞—Ç, –≤–∞—à —Å—Ç–∞—Ç—É—Å –ø–æ–∑–≤–æ–ª—è–µ—Ç –ø–æ–ª—É—á–∞—Ç—å –±–æ–ª—å—à–µ. –ü—Ä–µ–º–∏–∞–ª—å–Ω–∞—è –∫–∞—Ä—Ç–∞ ‚Äî —ç—Ç–æ –Ω–µ —Ç–æ–ª—å–∫–æ –∫–æ–º—Ñ–æ—Ä—Ç, –Ω–æ –∏ –ø—Ä—è–º–∞—è –≤—ã–≥–æ–¥–∞, –∫–æ—Ç–æ—Ä–∞—è –º–æ–≥–ª–∞ —Å–æ—Å—Ç–∞–≤–∏—Ç—å 0 ‚Ç∏. –ü–æ–ø—Ä–æ–±—É–π—Ç–µ."
20,–ö—Ä–µ–¥–∏—Ç–Ω–∞—è –∫–∞—Ä—Ç–∞,"–ê–Ω–µ–ª—å, –≤–∞—à–∏ —Ç–æ–ø-–∫–∞—Ç–µ–≥–æ—Ä–∏–∏ ‚Äî –ü—Ä–æ–¥—É–∫—Ç—ã –ø–∏—Ç–∞–Ω–∏—è, –ö–∞—Ñ–µ –∏ —Ä–µ—Å—Ç–æ—Ä–∞–Ω—ã, –¢–∞–∫—Å–∏. –° –∫—Ä–µ–¥–∏—Ç–Ω–æ–π –∫–∞—Ä—Ç–æ–π –≤—ã –±—ã –ø–æ–ª—É—á–∏–ª–∏ –¥–æ 10% –∫–µ—à–±—ç–∫–∞, –∞ –≤–∞—à–∞ –≤—ã–≥–æ–¥–∞ —Å–æ—Å—Ç–∞–≤–∏–ª–∞ –±—ã 292 368 ‚Ç∏. üí≥ –û—Ñ–æ—Ä–º–∏—Ç—å –∫–∞—Ä—Ç—É."
20,–ö–∞—Ä—Ç–∞ –¥–ª—è –ø—É—Ç–µ—à–µ—Å—Ç–≤–∏–π,"–ü—É—Ç–µ—à–µ—Å—Ç–≤–æ–≤–∞—Ç—å ‚Äî –∑–¥–æ—Ä–æ–≤–æ, –∞ —Å –∫–µ—à–±—ç–∫–æ–º ‚Äî –µ—â–µ –ª—É—á—à–µ! –ê–Ω–µ–ª—å, –≤–∞—à–∞ –≤—ã–≥–æ–¥–∞ —Å –∫–∞—Ä—Ç–æ–π –¥–ª—è –ø—É—Ç–µ—à–µ—Å—Ç–≤–∏–π –º–æ–≥–ª–∞ —Å–æ—Å—Ç–∞–≤–∏—Ç—å 10 804 ‚Ç∏. –û—Ç–∫—Ä–æ–π—Ç–µ –µ–µ –≤ –ø—Ä–∏–ª–æ–∂–µ–Ω–∏–∏."
20,–ö—Ä–µ–¥–∏—Ç –Ω–∞–ª–∏—á–Ω—ã–º–∏,"–ê–Ω–µ–ª—å, –µ—Å–ª–∏ –Ω—É–∂–µ–Ω –∑–∞–ø–∞—Å –Ω–∞ –∫—Ä—É–ø–Ω—ã–µ —Ç—Ä–∞—Ç—ã ‚Äî –º–æ–∂–Ω–æ –æ—Ñ–æ—Ä–º–∏—Ç—å –∫—Ä–µ–¥–∏—Ç –Ω–∞–ª–∏—á–Ω—ã–º–∏ —Å –≥–∏–±–∫–∏–º–∏ –≤—ã–ø–ª–∞—Ç–∞–º–∏. –£–∑–Ω–∞–π—Ç–µ –¥–æ—Å—Ç—É–ø–Ω—ã–π –ª–∏–º–∏—Ç –ø—Ä—è–º–æ –≤ –ø—Ä–∏–ª–æ–∂–µ–Ω–∏–∏."
20,–ü—Ä–µ–º–∏–∞–ª—å–Ω–∞—è –∫–∞—Ä—Ç–∞,"–ó–∞–º–µ—Ç–∏–ª–∏ –≤–∞—à–∏ —Ç—Ä–∞—Ç—ã –≤ —Ä–µ—Å—Ç–æ—Ä–∞–Ω–∞—Ö. –ê–Ω–µ–ª—å, —Å –ø—Ä–µ–º–∏–∞–ª—å–Ω–æ–π –∫–∞—Ä—Ç–æ–π –≤—ã –±—ã –ø–æ–ª—É—á–∏–ª–∏ –Ω–µ —Ç–æ–ª—å–∫–æ –ø–æ–≤—ã—à–µ–Ω–Ω—ã–π –∫–µ—à–±—ç–∫, –Ω–æ –∏ –≤—ã–≥–æ–¥—É –≤ 0 ‚Ç∏. –ü–æ–¥–∫–ª—é—á–∏—Ç—å —Å–µ–π—á–∞—Å."
21,–î–µ–ø–æ–∑–∏—Ç –°–±–µ—Ä–µ–≥–∞—Ç–µ–ª—å–Ω—ã–π,"–ó–∞—Å—Ç–∞–≤—å—Ç–µ –≤–∞—à–∏ –¥–µ–Ω—å–≥–∏ —Ä–∞–±–æ—Ç–∞—Ç—å! –ü–∞–≤–µ–ª, –≤–∞—à –∫–∞–ø–∏—Ç–∞–ª –º–æ–≥ –±—ã –ø—Ä–∏–Ω–µ—Å—Ç–∏ 296 697 ‚Ç∏ –ø–∞—Å—Å–∏–≤–Ω–æ–≥–æ –¥–æ—Ö–æ–¥–∞ –≤ –≥–æ–¥ –Ω–∞ —Å–±–µ—Ä–µ–≥–∞—Ç–µ–ª—å–Ω–æ–º –¥–µ–ø–æ–∑–∏—Ç–µ. –ù–∞—á–∞—Ç—å –∫–æ–ø–∏—Ç—å."
21,–î–µ–ø–æ–∑–∏—Ç –ù–∞–∫–æ–ø–∏—Ç–µ–ª—å–Ω—ã–π,"–ü–∞–≤–µ–ª, —É –Ω–∞—Å –µ—Å—Ç—å –¥–ª—è –≤–∞—Å –ø—Ä–µ–¥–ª–æ–∂–µ–Ω–∏–µ –ø–æ –ø—Ä–æ–¥—É–∫—Ç—É ¬´–î–µ–ø–æ–∑–∏—Ç –ù–∞–∫–æ–ø–∏—Ç–µ–ª—å–Ω—ã–π¬ª —Å –≤—ã–≥–æ–¥–æ–π –¥–æ 278 716 ‚Ç∏. –£–∑–Ω–∞–π—Ç–µ –ø–æ–¥—Ä–æ–±–Ω–æ—Å—Ç–∏ –≤ –ø—Ä–∏–ª–æ–∂–µ–Ω–∏–∏. üòä"
21,–î–µ–ø–æ–∑–∏—Ç –ú—É–ª—å—Ç–∏–≤–∞–ª—é—Ç–Ω—ã–π,"–ü–∞–≤–µ–ª, —É –Ω–∞—Å –µ—Å—Ç—å –¥–ª—è –≤–∞—Å –ø—Ä–µ–¥–ª–æ–∂–µ–Ω–∏–µ –ø–æ –ø—Ä–æ–¥—É–∫—Ç—É ¬´–î–µ–ø–æ–∑–∏—Ç –ú—É–ª—å—Ç–∏–≤–∞–ª—é—Ç–Ω—ã–π¬ª —Å –≤—ã–≥–æ–¥–æ–π –¥–æ 782 203 ‚Ç∏. –£–∑–Ω–∞–π—Ç–µ –ø–æ–¥—Ä–æ–±–Ω–æ—Å—Ç–∏ –≤ –ø—Ä–∏–ª–æ–∂–µ–Ω–∏–∏. üòä"
21,–ö—Ä–µ–¥–∏—Ç–Ω–∞—è –∫–∞—Ä—Ç–∞,"–ü–∞–≤–µ–ª, –≤–∞—à–∞ –≤—ã–≥–æ–¥–∞ —Å –Ω–∞—à–µ–π –∫—Ä–µ–¥–∏—Ç–Ω–æ–π –∫–∞—Ä—Ç–æ–π –º–æ–≥–ª–∞ —Å–æ—Å—Ç–∞–≤–∏—Ç—å 290 517 ‚Ç∏ –∑–∞ 3 –º–µ—Å—è—Ü–∞ –±–ª–∞–≥–æ–¥–∞—Ä—è –∫–µ—à–±—ç–∫—É –≤ –ª—é–±–∏–º—ã—Ö –∫–∞—Ç–µ–≥–æ—Ä–∏—è—Ö. –£–∑–Ω–∞–π—Ç–µ –≤–∞—à –∫—Ä–µ–¥–∏—Ç–Ω—ã–π –ª–∏–º–∏—Ç."
22,–ö—Ä–µ–¥–∏—Ç–Ω–∞—è –∫–∞—Ä—Ç–∞,"–ê—Ä—É–∂–∞–Ω, –≤–∞—à–∏ —Ç–æ–ø-–∫–∞—Ç–µ–≥–æ—Ä–∏–∏ ‚Äî –ü—Ä–æ–¥—É–∫—Ç—ã –ø–∏—Ç–∞–Ω–∏—è, –ö–∞—Ñ–µ –∏ —Ä–µ—Å—Ç–æ—Ä–∞–Ω—ã, –¢–∞–∫—Å–∏. –° –∫—Ä–µ–¥–∏—Ç–Ω–æ–π –∫–∞—Ä—Ç–æ–π –≤—ã –±—ã –ø–æ–ª—É—á–∏–ª–∏ –¥–æ 10% –∫–µ—à–±—ç–∫–∞, –∞ –≤–∞—à–∞ –≤—ã–≥–æ–¥–∞ —Å–æ—Å—Ç–∞–≤–∏–ª–∞ –±—ã 304 105 ‚Ç∏. üí≥ –û—Ñ–æ—Ä–º–∏—Ç—å –∫–∞—Ä—Ç—É."
22,–ö–∞—Ä—Ç–∞ –¥–ª—è –ø—É—Ç–µ—à–µ—Å—Ç–≤–∏–π,"–ü—É—Ç–µ—à–µ—Å—Ç–≤–æ–≤–∞—Ç—å ‚Äî –∑–¥–æ—Ä–æ–≤–æ, –∞ —Å –∫–µ—à–±—ç–∫–æ–º ‚Äî –µ—â–µ –ª—É—á—à–µ! –ê—Ä—É–∂–∞–Ω, –≤–∞—à–∞ –≤—ã–≥–æ–¥–∞ —Å –∫–∞—Ä—Ç–æ–π –¥–ª—è –ø—É—Ç–µ—à–µ—Å—Ç–≤–∏–π –º–æ–≥–ª–∞ —Å–æ—Å—Ç–∞–≤–∏—Ç—å 11 031 ‚Ç∏. –û—Ç–∫—Ä–æ–π—Ç–µ –µ–µ –≤ –ø—Ä–∏–ª–æ–∂–µ–Ω–∏–∏."
22,–ö—Ä–µ–¥–∏—Ç –Ω–∞–ª–∏—á–Ω—ã–º–∏,"–ê—Ä—É–∂–∞–Ω, –ø–ª–∞–Ω–∏—Ä—É–µ—Ç–µ –±–æ–ª—å—à–æ–µ —Å–æ–±—ã—Ç–∏–µ –∏–ª–∏ –ø–æ–∫—É–ø–∫—É? –ö—Ä–µ–¥–∏—Ç –Ω–∞–ª–∏—á–Ω—ã–º–∏ –ø–æ–º–æ–∂–µ—Ç —Ä–µ–∞–ª–∏–∑–æ–≤–∞—Ç—å –≤–∞—à–∏ –ø–ª–∞–Ω—ã –±–µ–∑ –ª–∏—à–Ω–∏—Ö —Å–ø—Ä–∞–≤–æ–∫ –∏ –æ–∂–∏–¥–∞–Ω–∏–π. –†–∞—Å—Å—á–∏—Ç–∞—Ç—å —É—Å–ª–æ–≤–∏—è."
22,–ü—Ä–µ–º–∏–∞–ª—å–Ω–∞—è –∫–∞—Ä—Ç–∞,"–ê—Ä—É–∂–∞–Ω, –≤–∞—à —Å—Ç–∞—Ç—É—Å –ø–æ–∑–≤–æ–ª—è–µ—Ç –ø–æ–ª—É—á–∞—Ç—å –±–æ–ª—å—à–µ. –ü—Ä–µ–º–∏–∞–ª—å–Ω–∞—è –∫–∞—Ä—Ç–∞ ‚Äî —ç—Ç–æ –Ω–µ —Ç–æ–ª—å–∫–æ –∫–æ–º—Ñ–æ—Ä—Ç, –Ω–æ –∏ –ø—Ä—è–º–∞—è –≤—ã–≥–æ–¥–∞, –∫–æ—Ç–æ—Ä–∞—è –º–æ–≥–ª–∞ —Å–æ—Å—Ç–∞–≤–∏—Ç—å 0 ‚Ç∏. –ü–æ–ø—Ä–æ–±—É–π—Ç–µ."
23,–ö—Ä–µ–¥–∏—Ç–Ω–∞—è –∫–∞—Ä—Ç–∞,"–ü–æ–∫—É–ø–∞–π—Ç–µ —Ç–æ, —á—Ç–æ –ª—é–±–∏—Ç–µ, –∏ —ç–∫–æ–Ω–æ–º—å—Ç–µ! –¢–µ–º–∏—Ä–ª–∞–Ω, —Å –Ω–∞—à–µ–π –∫—Ä–µ–¥–∏—Ç–Ω–æ–π –∫–∞—Ä—Ç–æ–π –≤—ã –±—ã –≤–µ—Ä–Ω—É–ª–∏ 296 027 ‚Ç∏ —Å –≤–∞—à–∏—Ö –æ–±—ã—á–Ω—ã—Ö –ø–æ–∫—É–ø–æ–∫. –ù–∞—á–∞—Ç—å —ç–∫–æ–Ω–æ–º–∏—Ç—å."
23,–ö–∞—Ä—Ç–∞ –¥–ª—è –ø—É—Ç–µ—à–µ—Å—Ç–≤–∏–π,"–¢–µ–º–∏—Ä–ª–∞–Ω, –∑–∞–º–µ—Ç–∏–ª–∏ –≤–∞—à–∏ —Ç—Ä–∞—Ç—ã –Ω–∞ —Ç–∞–∫—Å–∏ –∏ –æ—Ç–µ–ª–∏. –ü—Ä–µ–≤—Ä–∞—Ç–∏—Ç–µ –∏—Ö –≤ –≤—ã–≥–æ–¥—É! –° –Ω–∞—à–µ–π –∫–∞—Ä—Ç–æ–π –¥–ª—è –ø—É—Ç–µ—à–µ—Å—Ç–≤–∏–π –≤—ã –±—ã —Å—ç–∫–æ–Ω–æ–º–∏–ª–∏ 10 618 ‚Ç∏. –£–∑–Ω–∞–π—Ç–µ –±–æ–ª—å—à–µ."
23,–ö—Ä–µ–¥–∏—Ç –Ω–∞–ª–∏—á–Ω—ã–º–∏,"–¢–µ–º–∏—Ä–ª–∞–Ω, –µ—Å–ª–∏ –Ω—É–∂–µ–Ω –∑–∞–ø–∞—Å –Ω–∞ –∫—Ä—É–ø–Ω—ã–µ —Ç—Ä–∞—Ç—ã ‚Äî –º–æ–∂–Ω–æ –æ—Ñ–æ—Ä–º–∏—Ç—å –∫—Ä–µ–¥–∏—Ç –Ω–∞–ª–∏—á–Ω—ã–º–∏ —Å –≥–∏–±–∫–∏–º–∏ –≤—ã–ø–ª–∞—Ç–∞–º–∏. –£–∑–Ω–∞–π—Ç–µ –¥–æ—Å—Ç—É–ø–Ω—ã–π –ª–∏–º–∏—Ç –ø—Ä—è–º–æ –≤ –ø—Ä–∏–ª–æ–∂–µ–Ω–∏–∏."
23,–ü—Ä–µ–º–∏–∞–ª—å–Ω–∞—è –∫–∞—Ä—Ç–∞,"–¢–µ–º–∏—Ä–ª–∞–Ω, —Å –≤–∞—à–∏–º —Å—Ç–∏–ª–µ–º —Ç—Ä–∞—Ç –ø—Ä–µ–º–∏–∞–ª—å–Ω–∞—è –∫–∞—Ä—Ç–∞ –º–æ–≥–ª–∞ –±—ã –ø—Ä–∏–Ω–µ—Å—Ç–∏ 0 ‚Ç∏ –∑–∞ 3 –º–µ—Å—è—Ü–∞. –ù–∞—Å–ª–∞–∂–¥–∞–π—Ç–µ—Å—å –ø–æ–≤—ã—à–µ–Ω–Ω—ã–º –∫–µ—à–±—ç–∫–æ–º –∏ –ø—Ä–∏–≤–∏–ª–µ–≥–∏—è–º–∏! ‚ú® –û—Ñ–æ—Ä–º–∏—Ç—å —Å–µ–π—á–∞—Å."
24,–ö—Ä–µ–¥–∏—Ç–Ω–∞—è –∫–∞—Ä—Ç–∞,"–ì—É–ª—å–º–∏—Ä–∞, –≤–∞—à–∞ –≤—ã–≥–æ–¥–∞ —Å –Ω–∞—à–µ–π –∫—Ä–µ–¥–∏—Ç–Ω–æ–π –∫–∞—Ä—Ç–æ–π –º–æ–≥–ª–∞ —Å–æ—Å—Ç–∞–≤–∏—Ç—å 319 389 ‚Ç∏ –∑–∞ 3 –º–µ—Å—è—Ü–∞ –±–ª–∞–≥–æ–¥–∞—Ä—è –∫–µ—à–±—ç–∫—É –≤ –ª—é–±–∏–º—ã—Ö –∫–∞—Ç–µ–≥–æ—Ä–∏—è—Ö. –£–∑–Ω–∞–π—Ç–µ –≤–∞—à –∫—Ä–µ–¥–∏—Ç–Ω—ã–π –ª–∏–º–∏—Ç."
24,–ö–∞—Ä—Ç–∞ –¥–ª—è –ø—É—Ç–µ—à–µ—Å—Ç–≤–∏–π,"–ì—É–ª—å–º–∏—Ä–∞, –∑–∞–º–µ—Ç–∏–ª–∏ –≤–∞—à–∏ —Ç—Ä–∞—Ç—ã –Ω–∞ —Ç–∞–∫—Å–∏ –∏ –æ—Ç–µ–ª–∏. –ü—Ä–µ–≤—Ä–∞—Ç–∏—Ç–µ –∏—Ö –≤ –≤—ã–≥–æ–¥—É! –° –Ω–∞—à–µ–π –∫–∞—Ä—Ç–æ–π –¥–ª—è –ø—É—Ç–µ—à–µ—Å—Ç–≤–∏–π –≤—ã –±—ã —Å—ç–∫–æ–Ω–æ–º–∏–ª–∏ 10 391 ‚Ç∏. –£–∑–Ω–∞–π—Ç–µ –±–æ–ª—å—à–µ."
24,–ö—Ä–µ–¥–∏—Ç –Ω–∞–ª–∏—á–Ω—ã–º–∏,"–ì—É–ª—å–º–∏—Ä–∞, –ø–ª–∞–Ω–∏—Ä—É–µ—Ç–µ –±–æ–ª—å—à–æ–µ —Å–æ–±—ã—Ç–∏–µ –∏–ª–∏ –ø–æ–∫—É–ø–∫—É? –ö—Ä–µ–¥–∏—Ç –Ω–∞–ª–∏—á–Ω—ã–º–∏ –ø–æ–º–æ–∂–µ—Ç —Ä–µ–∞–ª–∏–∑–æ–≤–∞—Ç—å –≤–∞—à–∏ –ø–ª–∞–Ω—ã –±–µ–∑ –ª–∏—à–Ω–∏—Ö —Å–ø—Ä–∞–≤–æ–∫ –∏ –æ–∂–∏–¥–∞–Ω–∏–π. –†–∞—Å—Å—á–∏—Ç–∞—Ç—å —É—Å–ª–æ–≤–∏—è."
24,–ü—Ä–µ–º–∏–∞–ª—å–Ω–∞—è –∫–∞—Ä—Ç–∞,"–ó–∞–º–µ—Ç–∏–ª–∏ –≤–∞—à–∏ —Ç—Ä–∞—Ç—ã –≤ —Ä–µ—Å—Ç–æ—Ä–∞–Ω–∞—Ö. –ì—É–ª—å–º–∏—Ä–∞, —Å –ø—Ä–µ–º–∏–∞–ª—å–Ω–æ–π –∫–∞—Ä—Ç–æ–π –≤—ã –±—ã –ø–æ–ª—É—á–∏–ª–∏ –Ω–µ —Ç–æ–ª—å–∫–æ –ø–æ–≤—ã—à–µ–Ω–Ω—ã–π –∫–µ—à–±—ç–∫, –Ω–æ –∏ –≤—ã–≥–æ–¥—É –≤ 0 ‚Ç∏. –ü–æ–¥–∫–ª—é—á–∏—Ç—å —Å–µ–π—á–∞—Å."
25,–ö—Ä–µ–¥–∏—Ç–Ω–∞—è –∫–∞—Ä—Ç–∞,"–ê–¥–∏–ª—å, –≤–∞—à–∞ –≤—ã–≥–æ–¥–∞ —Å –Ω–∞—à–µ–π –∫—Ä–µ–¥–∏—Ç–Ω–æ–π –∫–∞—Ä—Ç–æ–π –º–æ–≥–ª–∞ —Å–æ—Å—Ç–∞–≤–∏—Ç—å 286 945 ‚Ç∏ –∑–∞ 3 –º–µ—Å—è—Ü–∞ –±–ª–∞–≥–æ–¥–∞—Ä—è –∫–µ—à–±—ç–∫—É –≤ –ª—é–±–∏–º—ã—Ö –∫–∞—Ç–µ–≥–æ—Ä–∏—è—Ö. –£–∑–Ω–∞–π—Ç–µ –≤–∞—à –∫—Ä–µ–¥–∏—Ç–Ω—ã–π –ª–∏–º–∏—Ç."
25,–ö–∞—Ä—Ç–∞ –¥–ª—è –ø—É—Ç–µ—à–µ—Å—Ç–≤–∏–π,"–ê–¥–∏–ª—å, –∑–∞–º–µ—Ç–∏–ª–∏ –≤–∞—à–∏ —Ç—Ä–∞—Ç—ã –Ω–∞ —Ç–∞–∫—Å–∏ –∏ –æ—Ç–µ–ª–∏. –ü—Ä–µ–≤—Ä–∞—Ç–∏—Ç–µ –∏—Ö –≤ –≤—ã–≥–æ–¥—É! –° –Ω–∞—à–µ–π –∫–∞—Ä—Ç–æ–π –¥–ª—è –ø—É—Ç–µ—à–µ—Å—Ç–≤–∏–π –≤—ã –±—ã —Å—ç–∫–æ–Ω–æ–º–∏–ª–∏ 12 456 ‚Ç∏. –£–∑–Ω–∞–π—Ç–µ –±–æ–ª—å—à–µ."
25,–ö—Ä–µ–¥–∏—Ç –Ω–∞–ª–∏—á–Ω—ã–º–∏,"–ê–¥–∏–ª—å, –µ—Å–ª–∏ –Ω—É–∂–µ–Ω –∑–∞–ø–∞—Å –Ω–∞ –∫—Ä—É–ø–Ω—ã–µ —Ç—Ä–∞—Ç—ã ‚Äî –º–æ–∂–Ω–æ –æ—Ñ–æ—Ä–º–∏—Ç—å –∫—Ä–µ–¥–∏—Ç –Ω–∞–ª–∏—á–Ω—ã–º–∏ —Å –≥–∏–±–∫–∏–º–∏ –≤—ã–ø–ª–∞—Ç–∞–º–∏. –£–∑–Ω–∞–π—Ç–µ –¥–æ—Å—Ç—É–ø–Ω—ã–π –ª–∏–º–∏—Ç –ø—Ä—è–º–æ –≤ –ø—Ä–∏–ª–æ–∂–µ–Ω–∏–∏."
25,–ü—Ä–µ–º–∏–∞–ª—å–Ω–∞—è –∫–∞—Ä—Ç–∞,"–ê–¥–∏–ª—å, —Å –≤–∞—à–∏–º —Å—Ç–∏–ª–µ–º —Ç—Ä–∞—Ç –ø—Ä–µ–º–∏–∞–ª—å–Ω–∞—è –∫–∞—Ä—Ç–∞ –º–æ–≥–ª–∞ –±—ã –ø—Ä–∏–Ω–µ—Å—Ç–∏ 0 ‚Ç∏ –∑–∞ 3 –º–µ—Å—è—Ü–∞. –ù–∞—Å–ª–∞–∂–¥–∞–π—Ç–µ—Å—å –ø–æ–≤—ã—à–µ–Ω–Ω—ã–º –∫–µ—à–±—ç–∫–æ–º –∏ –ø—Ä–∏–≤–∏–ª–µ–≥–∏—è–º–∏! ‚ú® –û—Ñ–æ—Ä–º–∏—Ç—å —Å–µ–π—á–∞—Å."
26,–ö—Ä–µ–¥–∏—Ç–Ω–∞—è –∫–∞—Ä—Ç–∞,"–ú–∞—Ä–∂–∞–Ω, –≤–∞—à–∏ —Ç–æ–ø-–∫–∞—Ç–µ–≥–æ—Ä–∏–∏ ‚Äî –ü—Ä–æ–¥—É–∫—Ç—ã –ø–∏—Ç–∞–Ω–∏—è, –ö–∞—Ñ–µ –∏ —Ä–µ—Å—Ç–æ—Ä–∞–Ω—ã, –¢–∞–∫—Å–∏. –° –∫—Ä–µ–¥–∏—Ç–Ω–æ–π –∫–∞—Ä—Ç–æ–π –≤—ã –±—ã –ø–æ–ª—É—á–∏–ª–∏ –¥–æ 10% –∫–µ—à–±—ç–∫–∞, –∞ –≤–∞—à–∞ –≤—ã–≥–æ–¥–∞ —Å–æ—Å—Ç–∞–≤–∏–ª–∞ –±—ã 282 021 ‚Ç∏. üí≥ –û—Ñ–æ—Ä–º–∏—Ç—å –∫–∞—Ä—Ç—É."
26,–ö–∞—Ä—Ç–∞ –¥–ª—è –ø—É—Ç–µ—à–µ—Å—Ç–≤–∏–π,"–ú–∞—Ä–∂–∞–Ω, –∑–∞–º–µ—Ç–∏–ª–∏ –≤–∞—à–∏ —Ç—Ä–∞—Ç—ã –Ω–∞ —Ç–∞–∫—Å–∏ –∏ –æ—Ç–µ–ª–∏. –ü—Ä–µ–≤—Ä–∞—Ç–∏—Ç–µ –∏—Ö –≤ –≤—ã–≥–æ–¥—É! –° –Ω–∞—à–µ–π –∫–∞—Ä—Ç–æ–π –¥–ª—è –ø—É—Ç–µ—à–µ—Å—Ç–≤–∏–π –≤—ã –±—ã —Å—ç–∫–æ–Ω–æ–º–∏–ª–∏ 29 138 ‚Ç∏. –£–∑–Ω–∞–π—Ç–µ –±–æ–ª—å—à–µ."
26,–ö—Ä–µ–¥–∏—Ç –Ω–∞–ª–∏—á–Ω—ã–º–∏,"–ú–∞—Ä–∂–∞–Ω, –µ—Å–ª–∏ –Ω—É–∂–µ–Ω –∑–∞–ø–∞—Å –Ω–∞ –∫—Ä—É–ø–Ω—ã–µ —Ç—Ä–∞—Ç—ã ‚Äî –º–æ–∂–Ω–æ –æ—Ñ–æ—Ä–º–∏—Ç—å –∫—Ä–µ–¥–∏—Ç –Ω–∞–ª–∏—á–Ω—ã–º–∏ —Å –≥–∏–±–∫–∏–º–∏ –≤—ã–ø–ª–∞—Ç–∞–º–∏. –£–∑–Ω–∞–π—Ç–µ –¥–æ—Å—Ç—É–ø–Ω—ã–π –ª–∏–º–∏—Ç –ø—Ä—è–º–æ –≤ –ø—Ä–∏–ª–æ–∂–µ–Ω–∏–∏."
26,–ü—Ä–µ–º–∏–∞–ª—å–Ω–∞—è –∫–∞—Ä—Ç–∞,"–ó–∞–º–µ—Ç–∏–ª–∏ –≤–∞—à–∏ —Ç—Ä–∞—Ç—ã –≤ —Ä–µ—Å—Ç–æ—Ä–∞–Ω–∞—Ö. –ú–∞—Ä–∂–∞–Ω, —Å –ø—Ä–µ–º–∏–∞–ª—å–Ω–æ–π –∫–∞—Ä—Ç–æ–π –≤—ã –±—ã –ø–æ–ª—É—á–∏–ª–∏ –Ω–µ —Ç–æ–ª—å–∫–æ –ø–æ–≤—ã—à–µ–Ω–Ω—ã–π –∫–µ—à–±—ç–∫, –Ω–æ –∏ –≤—ã–≥–æ–¥—É –≤ 0 ‚Ç∏. –ü–æ–¥–∫–ª—é—á–∏—Ç—å —Å–µ–π—á–∞—Å."
27,–ö—Ä–µ–¥–∏—Ç–Ω–∞—è –∫–∞—Ä—Ç–∞,"–ù—É—Ä—Å—É–ª—Ç–∞–Ω, –≤–∞—à–∏ —Ç–æ–ø-–∫–∞—Ç–µ–≥–æ—Ä–∏–∏ ‚Äî –ü—Ä–æ–¥—É–∫—Ç—ã –ø–∏—Ç–∞–Ω–∏—è, –ö–∞—Ñ–µ –∏ —Ä–µ—Å—Ç–æ—Ä–∞–Ω—ã, –¢–∞–∫—Å–∏. –° –∫—Ä–µ–¥–∏—Ç–Ω–æ–π –∫–∞—Ä—Ç–æ–π –≤—ã –±—ã –ø–æ–ª—É—á–∏–ª–∏ –¥–æ 10% –∫–µ—à–±—ç–∫–∞, –∞ –≤–∞—à–∞ –≤—ã–≥–æ–¥–∞ —Å–æ—Å—Ç–∞–≤–∏–ª–∞ –±—ã 302 994 ‚Ç∏. üí≥ –û—Ñ–æ—Ä–º–∏—Ç—å –∫–∞—Ä—Ç—É."
27,–ö–∞—Ä—Ç–∞ –¥–ª—è –ø—É—Ç–µ—à–µ—Å—Ç–≤–∏–π,"–ü—É—Ç–µ—à–µ—Å—Ç–≤–æ–≤–∞—Ç—å ‚Äî –∑–¥–æ—Ä–æ–≤–æ, –∞ —Å –∫–µ—à–±—ç–∫–æ–º ‚Äî –µ—â–µ –ª—É—á—à–µ! –ù—É—Ä—Å—É–ª—Ç–∞–Ω, –≤–∞—à–∞ –≤—ã–≥–æ–¥–∞ —Å –∫–∞—Ä—Ç–æ–π –¥–ª—è –ø—É—Ç–µ—à–µ—Å—Ç–≤–∏–π –º–æ–≥–ª–∞ —Å–æ—Å—Ç–∞–≤–∏—Ç—å 22 221 ‚Ç∏. –û—Ç–∫—Ä–æ–π—Ç–µ –µ–µ –≤ –ø—Ä–∏–ª–æ–∂–µ–Ω–∏–∏."
27,–ö—Ä–µ–¥–∏—Ç –Ω–∞–ª–∏—á–Ω—ã–º–∏,"–ù—É—Ä—Å—É–ª—Ç–∞–Ω, –ø–ª–∞–Ω–∏—Ä—É–µ—Ç–µ –±–æ–ª—å—à–æ–µ —Å–æ–±—ã—Ç–∏–µ –∏–ª–∏ –ø–æ–∫—É–ø–∫—É? –ö—Ä–µ–¥–∏—Ç –Ω–∞–ª–∏—á–Ω—ã–º–∏ –ø–æ–º–æ–∂–µ—Ç —Ä–µ–∞–ª–∏–∑–æ–≤–∞—Ç—å –≤–∞—à–∏ –ø–ª–∞–Ω—ã –±–µ–∑ –ª–∏—à–Ω–∏—Ö —Å–ø—Ä–∞–≤–æ–∫ –∏ –æ–∂–∏–¥–∞–Ω–∏–π. –†–∞—Å—Å—á–∏—Ç–∞—Ç—å —É—Å–ª–æ–≤–∏—è."
27,–ü—Ä–µ–º–∏–∞–ª—å–Ω–∞—è –∫–∞—Ä—Ç–∞,"–ù—É—Ä—Å—É–ª—Ç–∞–Ω, —Å –≤–∞—à–∏–º —Å—Ç–∏–ª–µ–º —Ç—Ä–∞—Ç –ø—Ä–µ–º–∏–∞–ª—å–Ω–∞—è –∫–∞—Ä—Ç–∞ –º–æ–≥–ª–∞ –±—ã –ø—Ä–∏–Ω–µ—Å—Ç–∏ 0 ‚Ç∏ –∑–∞ 3 –º–µ—Å—è—Ü–∞. –ù–∞—Å–ª–∞–∂–¥–∞–π—Ç–µ—Å—å –ø–æ–≤—ã—à–µ–Ω–Ω—ã–º –∫–µ—à–±—ç–∫–æ–º –∏ –ø—Ä–∏–≤–∏–ª–µ–≥–∏—è–º–∏! ‚ú® –û—Ñ–æ—Ä–º–∏—Ç—å —Å–µ–π—á–∞—Å."
28,–ö—Ä–µ–¥–∏—Ç–Ω–∞—è –∫–∞—Ä—Ç–∞,"–ê–ª—Ç—ã–Ω–∞–π, –≤–∞—à–∞ –≤—ã–≥–æ–¥–∞ —Å –Ω–∞—à–µ–π –∫—Ä–µ–¥–∏—Ç–Ω–æ–π –∫–∞—Ä—Ç–æ–π –º–æ–≥–ª–∞ —Å–æ—Å—Ç–∞–≤–∏—Ç—å 284 640 ‚Ç∏ –∑–∞ 3 –º–µ—Å—è—Ü–∞ –±–ª–∞–≥–æ–¥–∞—Ä—è –∫–µ—à–±—ç–∫—É –≤ –ª—é–±–∏–º—ã—Ö –∫–∞—Ç–µ–≥–æ—Ä–∏—è—Ö. –£–∑–Ω–∞–π—Ç–µ –≤–∞—à –∫—Ä–µ–¥–∏—Ç–Ω—ã–π –ª–∏–º–∏—Ç."
28,–ö–∞—Ä—Ç–∞ –¥–ª—è –ø—É—Ç–µ—à–µ—Å—Ç–≤–∏–π,"–ê–ª—Ç—ã–Ω–∞–π, –≤–∞—à–∏ –ø–æ–µ–∑–¥–∫–∏ –º–æ–≥—É—Ç –±—ã—Ç—å –µ—â–µ –≤—ã–≥–æ–¥–Ω–µ–µ. –° —Ç—Ä–µ–≤–µ–ª-–∫–∞—Ä—Ç–æ–π –≤—ã –º–æ–≥–ª–∏ –±—ã –≤–µ—Ä–Ω—É—Ç—å 22 366 ‚Ç∏ –∑–∞ –ø–æ—Å–ª–µ–¥–Ω–∏–µ 3 –º–µ—Å—è—Ü–∞. ‚úàÔ∏è –•–æ—Ç–∏—Ç–µ –æ—Ñ–æ—Ä–º–∏—Ç—å?"
28,–ö—Ä–µ–¥–∏—Ç –Ω–∞–ª–∏—á–Ω—ã–º–∏,"–ê–ª—Ç—ã–Ω–∞–π, –µ—Å–ª–∏ –Ω—É–∂–µ–Ω –∑–∞–ø–∞—Å –Ω–∞ –∫—Ä—É–ø–Ω—ã–µ —Ç—Ä–∞—Ç—ã ‚Äî –º–æ–∂–Ω–æ –æ—Ñ–æ—Ä–º–∏—Ç—å –∫—Ä–µ–¥–∏—Ç –Ω–∞–ª–∏—á–Ω—ã–º–∏ —Å –≥–∏–±–∫–∏–º–∏ –≤—ã–ø–ª–∞—Ç–∞–º–∏. –£–∑–Ω–∞–π—Ç–µ –¥–æ—Å—Ç—É–ø–Ω—ã–π –ª–∏–º–∏—Ç –ø—Ä—è–º–æ –≤ –ø—Ä–∏–ª–æ–∂–µ–Ω–∏–∏."
28,–ü—Ä–µ–º–∏–∞–ª—å–Ω–∞—è –∫–∞—Ä—Ç–∞,"–ó–∞–º–µ—Ç–∏–ª–∏ –≤–∞—à–∏ —Ç—Ä–∞—Ç—ã –≤ —Ä–µ—Å—Ç–æ—Ä–∞–Ω–∞—Ö. –ê–ª—Ç—ã–Ω–∞–π, —Å –ø—Ä–µ–º–∏–∞–ª—å–Ω–æ–π –∫–∞—Ä—Ç–æ–π –≤—ã –±—ã –ø–æ–ª—É—á–∏–ª–∏ –Ω–µ —Ç–æ–ª—å–∫–æ –ø–æ–≤—ã—à–µ–Ω–Ω—ã–π –∫–µ—à–±—ç–∫, –Ω–æ –∏ –≤—ã–≥–æ–¥—É –≤ 0 ‚Ç∏. –ü–æ–¥–∫–ª—é—á–∏—Ç—å —Å–µ–π—á–∞—Å."
29,–ö—Ä–µ–¥–∏—Ç–Ω–∞—è –∫–∞—Ä—Ç–∞,"–°–∞—è, –≤–∞—à–∞ –≤—ã–≥–æ–¥–∞ —Å –Ω–∞—à–µ–π –∫—Ä–µ–¥–∏—Ç–Ω–æ–π –∫–∞—Ä—Ç–æ–π –º–æ–≥–ª–∞ —Å–æ—Å—Ç–∞–≤–∏—Ç—å 317 288 ‚Ç∏ –∑–∞ 3 –º–µ—Å—è—Ü–∞ –±–ª–∞–≥–æ–¥–∞—Ä—è –∫–µ—à–±—ç–∫—É –≤ –ª—é–±–∏–º—ã—Ö –∫–∞—Ç–µ–≥–æ—Ä–∏—è—Ö. –£–∑–Ω–∞–π—Ç–µ –≤–∞—à –∫—Ä–µ–¥–∏—Ç–Ω—ã–π –ª–∏–º–∏—Ç."
29,–ö–∞—Ä—Ç–∞ –¥–ª—è –ø—É—Ç–µ—à–µ—Å—Ç–≤–∏–π,"–ü—É—Ç–µ—à–µ—Å—Ç–≤–æ–≤–∞—Ç—å ‚Äî –∑–¥–æ—Ä–æ–≤–æ, –∞ —Å –∫–µ—à–±—ç–∫–æ–º ‚Äî –µ—â–µ –ª—É—á—à–µ! –°–∞—è, –≤–∞—à–∞ –≤—ã–≥–æ–¥–∞ —Å –∫–∞—Ä—Ç–æ–π –¥–ª—è –ø—É—Ç–µ—à–µ—Å—Ç–≤–∏–π –º–æ–≥–ª–∞ —Å–æ—Å—Ç–∞–≤–∏—Ç—å 23 628 ‚Ç∏. –û—Ç–∫—Ä–æ–π—Ç–µ –µ–µ –≤ –ø—Ä–∏–ª–æ–∂–µ–Ω–∏–∏."
29,–ö—Ä–µ–¥–∏—Ç –Ω–∞–ª–∏—á–Ω—ã–º–∏,"–°–∞—è, –µ—Å–ª–∏ –Ω—É–∂–µ–Ω –∑–∞–ø–∞—Å –Ω–∞ –∫—Ä—É–ø–Ω—ã–µ —Ç—Ä–∞—Ç—ã ‚Äî –º–æ–∂–Ω–æ –æ—Ñ–æ—Ä–º–∏—Ç—å –∫—Ä–µ–¥–∏—Ç –Ω–∞–ª–∏—á–Ω—ã–º–∏ —Å –≥–∏–±–∫–∏–º–∏ –≤—ã–ø–ª–∞—Ç–∞–º–∏. –£–∑–Ω–∞–π—Ç–µ –¥–æ—Å—Ç—É–ø–Ω—ã–π –ª–∏–º–∏—Ç –ø—Ä—è–º–æ –≤ –ø—Ä–∏–ª–æ–∂–µ–Ω–∏–∏."
29,–ü—Ä–µ–º–∏–∞–ª—å–Ω–∞—è –∫–∞—Ä—Ç–∞,"–ó–∞–º–µ—Ç–∏–ª–∏ –≤–∞—à–∏ —Ç—Ä–∞—Ç—ã –≤ —Ä–µ—Å—Ç–æ—Ä–∞–Ω–∞—Ö. –°–∞—è, —Å –ø—Ä–µ–º–∏–∞–ª—å–Ω–æ–π –∫–∞—Ä—Ç–æ–π –≤—ã –±—ã –ø–æ–ª—É—á–∏–ª–∏ –Ω–µ —Ç–æ–ª—å–∫–æ –ø–æ–≤—ã—à–µ–Ω–Ω—ã–π –∫–µ—à–±—ç–∫, –Ω–æ –∏ –≤—ã–≥–æ–¥—É –≤ 0 ‚Ç∏. –ü–æ–¥–∫–ª—é—á–∏—Ç—å —Å–µ–π—á–∞—Å."
30,–ö—Ä–µ–¥–∏—Ç–Ω–∞—è –∫–∞—Ä—Ç–∞,"–ü–æ–∫—É–ø–∞–π—Ç–µ —Ç–æ, —á—Ç–æ –ª—é–±–∏—Ç–µ, –∏ —ç–∫–æ–Ω–æ–º—å—Ç–µ! –ï—Ä–±–æ–ª, —Å –Ω–∞—à–µ–π –∫—Ä–µ–¥–∏—Ç–Ω–æ–π –∫–∞—Ä—Ç–æ–π –≤—ã –±—ã –≤–µ—Ä–Ω—É–ª–∏ 323 180 ‚Ç∏ —Å –≤–∞—à–∏—Ö –æ–±—ã—á–Ω—ã—Ö –ø–æ–∫—É–ø–æ–∫. –ù–∞—á–∞—Ç—å —ç–∫–æ–Ω–æ–º–∏—Ç—å."
30,–ö–∞—Ä—Ç–∞ –¥–ª—è –ø—É—Ç–µ—à–µ—Å—Ç–≤–∏–π,"–ü—É—Ç–µ—à–µ—Å—Ç–≤–æ–≤–∞—Ç—å ‚Äî –∑–¥–æ—Ä–æ–≤–æ, –∞ —Å –∫–µ—à–±—ç–∫–æ–º ‚Äî –µ—â–µ –ª—É—á—à–µ! –ï—Ä–±–æ–ª, –≤–∞—à–∞ –≤—ã–≥–æ–¥–∞ —Å –∫–∞—Ä—Ç–æ–π –¥–ª—è –ø—É—Ç–µ—à–µ—Å—Ç–≤–∏–π –º–æ–≥–ª–∞ —Å–æ—Å—Ç–∞–≤–∏—Ç—å 25 164 ‚Ç∏. –û—Ç–∫—Ä–æ–π—Ç–µ –µ–µ –≤ –ø—Ä–∏–ª–æ–∂–µ–Ω–∏–∏."
30,–ö—Ä–µ–¥–∏—Ç –Ω–∞–ª–∏—á–Ω—ã–º–∏,"–ï—Ä–±–æ–ª, –ø–ª–∞–Ω–∏—Ä—É–µ—Ç–µ –±–æ–ª—å—à–æ–µ —Å–æ–±—ã—Ç–∏–µ –∏–ª–∏ –ø–æ–∫—É–ø–∫—É? –ö—Ä–µ–¥–∏—Ç –Ω–∞–ª–∏—á–Ω—ã–º–∏ –ø–æ–º–æ–∂–µ—Ç —Ä–µ–∞–ª–∏–∑–æ–≤–∞—Ç—å –≤–∞—à–∏ –ø–ª–∞–Ω—ã –±–µ–∑ –ª–∏—à–Ω–∏—Ö —Å–ø—Ä–∞–≤–æ–∫ –∏ –æ–∂–∏–¥–∞–Ω–∏–π. –†–∞—Å—Å—á–∏—Ç–∞—Ç—å —É—Å–ª–æ–≤–∏—è."
30,–ü—Ä–µ–º–∏–∞–ª—å–Ω–∞—è –∫–∞—Ä—Ç–∞,"–ó–∞–º–µ—Ç–∏–ª–∏ –≤–∞—à–∏ —Ç—Ä–∞—Ç—ã –≤ —Ä–µ—Å—Ç–æ—Ä–∞–Ω–∞—Ö. –ï—Ä–±–æ–ª, —Å –ø—Ä–µ–º–∏–∞–ª—å–Ω–æ–π –∫–∞—Ä—Ç–æ–π –≤—ã –±—ã –ø–æ–ª—É—á–∏–ª–∏ –Ω–µ —Ç–æ–ª—å–∫–æ –ø–æ–≤—ã—à–µ–Ω–Ω—ã–π –∫–µ—à–±—ç–∫, –Ω–æ –∏ –≤—ã–≥–æ–¥—É –≤ 0 ‚Ç∏. –ü–æ–¥–∫–ª—é—á–∏—Ç—å —Å–µ–π—á–∞—Å."
31,–î–µ–ø–æ–∑–∏—Ç –°–±–µ—Ä–µ–≥–∞—Ç–µ–ª—å–Ω—ã–π,"–î–∞–º–∏—Ä, –≤–∞—à –æ—Å—Ç–∞—Ç–æ–∫ –Ω–∞ —Å—á–µ—Ç–µ –º–æ–∂–µ—Ç –ø—Ä–∏–Ω–æ—Å–∏—Ç—å —Ä–µ–∞–ª—å–Ω—ã–π –¥–æ—Ö–æ–¥. –†–∞–∑–º–µ—Å—Ç–∏—Ç–µ –µ–≥–æ –Ω–∞ —Å–±–µ—Ä–µ–≥–∞—Ç–µ–ª—å–Ω–æ–º –≤–∫–ª–∞–¥–µ –∏ –ø–æ–ª—É—á–∏—Ç–µ –¥–æ 215 134 ‚Ç∏ –≥–æ–¥–æ–≤—ã—Ö. üìà –û—Ç–∫—Ä—ã—Ç—å."
31,–î–µ–ø–æ–∑–∏—Ç –ù–∞–∫–æ–ø–∏—Ç–µ–ª—å–Ω—ã–π,"–î–∞–º–∏—Ä, —É –Ω–∞—Å –µ—Å—Ç—å –¥–ª—è –≤–∞—Å –ø—Ä–µ–¥–ª–æ–∂–µ–Ω–∏–µ –ø–æ –ø—Ä–æ–¥—É–∫—Ç—É ¬´–î–µ–ø–æ–∑–∏—Ç –ù–∞–∫–æ–ø–∏—Ç–µ–ª—å–Ω—ã–π¬ª —Å –≤—ã–≥–æ–¥–æ–π –¥–æ 202 096 ‚Ç∏. –£–∑–Ω–∞–π—Ç–µ –ø–æ–¥—Ä–æ–±–Ω–æ—Å—Ç–∏ –≤ –ø—Ä–∏–ª–æ–∂–µ–Ω–∏–∏. üòä"
31,–î–µ–ø–æ–∑–∏—Ç –ú—É–ª—å—Ç–∏–≤–∞–ª—é—Ç–Ω—ã–π,"–î–∞–º–∏—Ä, —É –Ω–∞—Å –µ—Å—Ç—å –¥–ª—è –≤–∞—Å –ø—Ä–µ–¥–ª–æ–∂–µ–Ω–∏–µ –ø–æ –ø—Ä–æ–¥—É–∫—Ç—É ¬´–î–µ–ø–æ–∑–∏—Ç –ú—É–ª—å—Ç–∏–≤–∞–ª—é—Ç–Ω—ã–π¬ª —Å –≤—ã–≥–æ–¥–æ–π –¥–æ 189 057 ‚Ç∏. –£–∑–Ω–∞–π—Ç–µ –ø–æ–¥—Ä–æ–±–Ω–æ—Å—Ç–∏ –≤ –ø—Ä–∏–ª–æ–∂–µ–Ω–∏–∏. üòä"
31,–ö—Ä–µ–¥–∏—Ç–Ω–∞—è –∫–∞—Ä—Ç–∞,"–î–∞–º–∏—Ä, –≤–∞—à–∏ —Ç–æ–ø-–∫–∞—Ç–µ–≥–æ—Ä–∏–∏ ‚Äî –ü—Ä–æ–¥—É–∫—Ç—ã –ø–∏—Ç–∞–Ω–∏—è, –ö–∞—Ñ–µ –∏ —Ä–µ—Å—Ç–æ—Ä–∞–Ω—ã, –¢–∞–∫—Å–∏. –° –∫—Ä–µ–¥–∏—Ç–Ω–æ–π –∫–∞—Ä—Ç–æ–π –≤—ã –±—ã –ø–æ–ª—É—á–∏–ª–∏ –¥–æ 10% –∫–µ—à–±—ç–∫–∞, –∞ –≤–∞—à–∞ –≤—ã–≥–æ–¥–∞ —Å–æ—Å—Ç–∞–≤–∏–ª–∞ –±—ã 289 590 ‚Ç∏. üí≥ –û—Ñ–æ—Ä–º–∏—Ç—å –∫–∞—Ä—Ç—É."
32,–î–µ–ø–æ–∑–∏—Ç –°–±–µ—Ä–µ–≥–∞—Ç–µ–ª—å–Ω—ã–π,"–ó–∞—Å—Ç–∞–≤—å—Ç–µ –≤–∞—à–∏ –¥–µ–Ω—å–≥–∏ —Ä–∞–±–æ—Ç–∞—Ç—å! –ê–ª–∏—è, –≤–∞—à –∫–∞–ø–∏—Ç–∞–ª –º–æ–≥ –±—ã –ø—Ä–∏–Ω–µ—Å—Ç–∏ 382 331 ‚Ç∏ –ø–∞—Å—Å–∏–≤–Ω–æ–≥–æ –¥–æ—Ö–æ–¥–∞ –≤ –≥–æ–¥ –Ω–∞ —Å–±–µ—Ä–µ–≥–∞—Ç–µ–ª—å–Ω–æ–º –¥–µ–ø–æ–∑–∏—Ç–µ. –ù–∞—á–∞—Ç—å –∫–æ–ø–∏—Ç—å."
32,–î–µ–ø–æ–∑–∏—Ç –ù–∞–∫–æ–ø–∏—Ç–µ–ª—å–Ω—ã–π,"–ê–ª–∏—è, —É –Ω–∞—Å –µ—Å—Ç—å –¥–ª—è –≤–∞—Å –ø—Ä–µ–¥–ª–æ–∂–µ–Ω–∏–µ –ø–æ –ø—Ä–æ–¥—É–∫—Ç—É ¬´–î–µ–ø–æ–∑–∏—Ç –ù–∞–∫–æ–ø–∏—Ç–µ–ª—å–Ω—ã–π¬ª —Å –≤—ã–≥–æ–¥–æ–π –¥–æ 359 159 ‚Ç∏. –£–∑–Ω–∞–π—Ç–µ –ø–æ–¥—Ä–æ–±–Ω–æ—Å—Ç–∏ –≤ –ø—Ä–∏–ª–æ–∂–µ–Ω–∏–∏. üòä"
32,–î–µ–ø–æ–∑–∏—Ç –ú—É–ª—å—Ç–∏–≤–∞–ª—é—Ç–Ω—ã–π,"–ê–ª–∏—è, —É –Ω–∞—Å –µ—Å—Ç—å –¥–ª—è –≤–∞—Å –ø—Ä–µ–¥–ª–æ–∂–µ–Ω–∏–µ –ø–æ –ø—Ä–æ–¥—É–∫—Ç—É ¬´–î–µ–ø–æ–∑–∏—Ç –ú—É–ª—å—Ç–∏–≤–∞–ª—é—Ç–Ω—ã–π¬ª —Å –≤—ã–≥–æ–¥–æ–π –¥–æ 335 988 ‚Ç∏. –£–∑–Ω–∞–π—Ç–µ –ø–æ–¥—Ä–æ–±–Ω–æ—Å—Ç–∏ –≤ –ø—Ä–∏–ª–æ–∂–µ–Ω–∏–∏. üòä"
32,–ö—Ä–µ–¥–∏—Ç–Ω–∞—è –∫–∞—Ä—Ç–∞,"–ü–æ–∫—É–ø–∞–π—Ç–µ —Ç–æ, —á—Ç–æ –ª—é–±–∏—Ç–µ, –∏ —ç–∫–æ–Ω–æ–º—å—Ç–µ! –ê–ª–∏—è, —Å –Ω–∞—à–µ–π –∫—Ä–µ–¥–∏—Ç–Ω–æ–π –∫–∞—Ä—Ç–æ–π –≤—ã –±—ã –≤–µ—Ä–Ω—É–ª–∏ 417 899 ‚Ç∏ —Å –≤–∞—à–∏—Ö –æ–±—ã—á–Ω—ã—Ö –ø–æ–∫—É–ø–æ–∫. –ù–∞—á–∞—Ç—å —ç–∫–æ–Ω–æ–º–∏—Ç—å."
33,–ö—Ä–µ–¥–∏—Ç–Ω–∞—è –∫–∞—Ä—Ç–∞,"–ú–µ—Ä–µ–π, –≤–∞—à–∏ —Ç–æ–ø-–∫–∞—Ç–µ–≥–æ—Ä–∏–∏ ‚Äî –ü—Ä–æ–¥—É–∫—Ç—ã –ø–∏—Ç–∞–Ω–∏—è, –ö–∞—Ñ–µ –∏ —Ä–µ—Å—Ç–æ—Ä–∞–Ω—ã, –¢–∞–∫—Å–∏. –° –∫—Ä–µ–¥–∏—Ç–Ω–æ–π –∫–∞—Ä—Ç–æ–π –≤—ã –±—ã –ø–æ–ª—É—á–∏–ª–∏ –¥–æ 10% –∫–µ—à–±—ç–∫–∞, –∞ –≤–∞—à–∞ –≤—ã–≥–æ–¥–∞ —Å–æ—Å—Ç–∞–≤–∏–ª–∞ –±—ã 316 343 ‚Ç∏. üí≥ –û—Ñ–æ—Ä–º–∏—Ç—å –∫–∞—Ä—Ç—É."
33,–ü—Ä–µ–º–∏–∞–ª—å–Ω–∞—è –∫–∞—Ä—Ç–∞,"–ó–∞–º–µ—Ç–∏–ª–∏ –≤–∞—à–∏ —Ç—Ä–∞—Ç—ã –≤ —Ä–µ—Å—Ç–æ—Ä–∞–Ω–∞—Ö. –ú–µ—Ä–µ–π, —Å –ø—Ä–µ–º–∏–∞–ª—å–Ω–æ–π –∫–∞—Ä—Ç–æ–π –≤—ã –±—ã –ø–æ–ª—É—á–∏–ª–∏ –Ω–µ —Ç–æ–ª—å–∫–æ –ø–æ–≤—ã—à–µ–Ω–Ω—ã–π –∫–µ—à–±—ç–∫, –Ω–æ –∏ –≤—ã–≥–æ–¥—É –≤ 89 636 ‚Ç∏. –ü–æ–¥–∫–ª—é—á–∏—Ç—å —Å–µ–π—á–∞—Å."
33,–ö–∞—Ä—Ç–∞ –¥–ª—è –ø—É—Ç–µ—à–µ—Å—Ç–≤–∏–π,"–ú–µ—Ä–µ–π, –≤–∞—à–∏ –ø–æ–µ–∑–¥–∫–∏ –º–æ–≥—É—Ç –±—ã—Ç—å –µ—â–µ –≤—ã–≥–æ–¥–Ω–µ–µ. –° —Ç—Ä–µ–≤–µ–ª-–∫–∞—Ä—Ç–æ–π –≤—ã –º–æ–≥–ª–∏ –±—ã –≤–µ—Ä–Ω—É—Ç—å 9 480 ‚Ç∏ –∑–∞ –ø–æ—Å–ª–µ–¥–Ω–∏–µ 3 –º–µ—Å—è—Ü–∞. ‚úàÔ∏è –•–æ—Ç–∏—Ç–µ –æ—Ñ–æ—Ä–º–∏—Ç—å?"
33,–ö—Ä–µ–¥–∏—Ç –Ω–∞–ª–∏—á–Ω—ã–º–∏,"–ú–µ—Ä–µ–π, –ø–ª–∞–Ω–∏—Ä—É–µ—Ç–µ –±–æ–ª—å—à–æ–µ —Å–æ–±—ã—Ç–∏–µ –∏–ª–∏ –ø–æ–∫—É–ø–∫—É? –ö—Ä–µ–¥–∏—Ç –Ω–∞–ª–∏—á–Ω—ã–º–∏ –ø–æ–º–æ–∂–µ—Ç —Ä–µ–∞–ª–∏–∑–æ–≤–∞—Ç—å –≤–∞—à–∏ –ø–ª–∞–Ω—ã –±–µ–∑ –ª–∏—à–Ω–∏—Ö —Å–ø—Ä–∞–≤–æ–∫ –∏ –æ–∂–∏–¥–∞–Ω–∏–π. –†–∞—Å—Å—á–∏—Ç–∞—Ç—å —É—Å–ª–æ–≤–∏—è."
34,–ö—Ä–µ–¥–∏—Ç–Ω–∞—è –∫–∞—Ä—Ç–∞,"–ò–Ω–∫–∞—Ä, –≤–∞—à–∞ –≤—ã–≥–æ–¥–∞ —Å –Ω–∞—à–µ–π –∫—Ä–µ–¥–∏—Ç–Ω–æ–π –∫–∞—Ä—Ç–æ–π –º–æ–≥–ª–∞ —Å–æ—Å—Ç–∞–≤–∏—Ç—å 299 846 ‚Ç∏ –∑–∞ 3 –º–µ—Å—è—Ü–∞ –±–ª–∞–≥–æ–¥–∞—Ä—è –∫–µ—à–±—ç–∫—É –≤ –ª—é–±–∏–º—ã—Ö –∫–∞—Ç–µ–≥–æ—Ä–∏—è—Ö. –£–∑–Ω–∞–π—Ç–µ –≤–∞—à –∫—Ä–µ–¥–∏—Ç–Ω—ã–π –ª–∏–º–∏—Ç."
34,–ö–∞—Ä—Ç–∞ –¥–ª—è –ø—É—Ç–µ—à–µ—Å—Ç–≤–∏–π,"–ü—É—Ç–µ—à–µ—Å—Ç–≤–æ–≤–∞—Ç—å ‚Äî –∑–¥–æ—Ä–æ–≤–æ, –∞ —Å –∫–µ—à–±—ç–∫–æ–º ‚Äî –µ—â–µ –ª—É—á—à–µ! –ò–Ω–∫–∞—Ä, –≤–∞—à–∞ –≤—ã–≥–æ–¥–∞ —Å –∫–∞—Ä—Ç–æ–π –¥–ª—è –ø—É—Ç–µ—à–µ—Å—Ç–≤–∏–π –º–æ–≥–ª–∞ —Å–æ—Å—Ç–∞–≤–∏—Ç—å 10 796 ‚Ç∏. –û—Ç–∫—Ä–æ–π—Ç–µ –µ–µ –≤ –ø—Ä–∏–ª–æ–∂–µ–Ω–∏–∏."
34,–ö—Ä–µ–¥–∏—Ç –Ω–∞–ª–∏—á–Ω—ã–º–∏,"–ò–Ω–∫–∞—Ä, –µ—Å–ª–∏ –Ω—É–∂–µ–Ω –∑–∞–ø–∞—Å –Ω–∞ –∫—Ä—É–ø–Ω—ã–µ —Ç—Ä–∞—Ç—ã ‚Äî –º–æ–∂–Ω–æ –æ—Ñ–æ—Ä–º–∏—Ç—å –∫—Ä–µ–¥–∏—Ç –Ω–∞–ª–∏—á–Ω—ã–º–∏ —Å –≥–∏–±–∫–∏–º–∏ –≤—ã–ø–ª–∞—Ç–∞–º–∏. –£–∑–Ω–∞–π—Ç–µ –¥–æ—Å—Ç—É–ø–Ω—ã–π –ª–∏–º–∏—Ç –ø—Ä—è–º–æ –≤ –ø—Ä–∏–ª–æ–∂–µ–Ω–∏–∏."
34,–ü—Ä–µ–º–∏–∞–ª—å–Ω–∞—è –∫–∞—Ä—Ç–∞,"–ó–∞–º–µ—Ç–∏–ª–∏ –≤–∞—à–∏ —Ç—Ä–∞—Ç—ã –≤ —Ä–µ—Å—Ç–æ—Ä–∞–Ω–∞—Ö. –ò–Ω–∫–∞—Ä, —Å –ø—Ä–µ–º–∏–∞–ª—å–Ω–æ–π –∫–∞—Ä—Ç–æ–π –≤—ã –±—ã –ø–æ–ª—É—á–∏–ª–∏ –Ω–µ —Ç–æ–ª—å–∫–æ –ø–æ–≤—ã—à–µ–Ω–Ω—ã–π –∫–µ—à–±—ç–∫, –Ω–æ –∏ –≤—ã–≥–æ–¥—É –≤ 0 ‚Ç∏. –ü–æ–¥–∫–ª—é—á–∏—Ç—å —Å–µ–π—á–∞—Å."
35,–î–µ–ø–æ–∑–∏—Ç –°–±–µ—Ä–µ–≥–∞—Ç–µ–ª—å–Ω—ã–π,"–°–∞–º–∞—Ç, –≤–∞—à –æ—Å—Ç–∞—Ç–æ–∫ –Ω–∞ —Å—á–µ—Ç–µ –º–æ–∂–µ—Ç –ø—Ä–∏–Ω–æ—Å–∏—Ç—å —Ä–µ–∞–ª—å–Ω—ã–π –¥–æ—Ö–æ–¥. –†–∞–∑–º–µ—Å—Ç–∏—Ç–µ –µ–≥–æ –Ω–∞ —Å–±–µ—Ä–µ–≥–∞—Ç–µ–ª—å–Ω–æ–º –≤–∫–ª–∞–¥–µ –∏ –ø–æ–ª—É—á–∏—Ç–µ –¥–æ 239 051 ‚Ç∏ –≥–æ–¥–æ–≤—ã—Ö. üìà –û—Ç–∫—Ä—ã—Ç—å."
35,–î–µ–ø–æ–∑–∏—Ç –ù–∞–∫–æ–ø–∏—Ç–µ–ª—å–Ω—ã–π,"–°–∞–º–∞—Ç, —É –Ω–∞—Å –µ—Å—Ç—å –¥–ª—è –≤–∞—Å –ø—Ä–µ–¥–ª–æ–∂–µ–Ω–∏–µ –ø–æ –ø—Ä–æ–¥—É–∫—Ç—É ¬´–î–µ–ø–æ–∑–∏—Ç –ù–∞–∫–æ–ø–∏—Ç–µ–ª—å–Ω—ã–π¬ª —Å –≤—ã–≥–æ–¥–æ–π –¥–æ 224 563 ‚Ç∏. –£–∑–Ω–∞–π—Ç–µ –ø–æ–¥—Ä–æ–±–Ω–æ—Å—Ç–∏ –≤ –ø—Ä–∏–ª–æ–∂–µ–Ω–∏–∏. üòä"
35,–î–µ–ø–æ–∑–∏—Ç –ú—É–ª—å—Ç–∏–≤–∞–ª—é—Ç–Ω—ã–π,"–°–∞–º–∞—Ç, —É –Ω–∞—Å –µ—Å—Ç—å –¥–ª—è –≤–∞—Å –ø—Ä–µ–¥–ª–æ–∂–µ–Ω–∏–µ –ø–æ –ø—Ä–æ–¥—É–∫—Ç—É ¬´–î–µ–ø–æ–∑–∏—Ç –ú—É–ª—å—Ç–∏–≤–∞–ª—é—Ç–Ω—ã–π¬ª —Å –≤—ã–≥–æ–¥–æ–π –¥–æ 210 075 ‚Ç∏. –£–∑–Ω–∞–π—Ç–µ –ø–æ–¥—Ä–æ–±–Ω–æ—Å—Ç–∏ –≤ –ø—Ä–∏–ª–æ–∂–µ–Ω–∏–∏. üòä"
35,–ö—Ä–µ–¥–∏—Ç–Ω–∞—è –∫–∞—Ä—Ç–∞,"–°–∞–º–∞—Ç, –≤–∞—à–∏ —Ç–æ–ø-–∫–∞—Ç–µ–≥–æ—Ä–∏–∏ ‚Äî –ö–∞—Ñ–µ –∏ —Ä–µ—Å—Ç–æ—Ä–∞–Ω—ã, –ü—Ä–æ–¥—É–∫—Ç—ã –ø–∏—Ç–∞–Ω–∏—è, –¢–∞–∫—Å–∏. –° –∫—Ä–µ–¥–∏—Ç–Ω–æ–π –∫–∞—Ä—Ç–æ–π –≤—ã –±—ã –ø–æ–ª—É—á–∏–ª–∏ –¥–æ 10% –∫–µ—à–±—ç–∫–∞, –∞ –≤–∞—à–∞ –≤—ã–≥–æ–¥–∞ —Å–æ—Å—Ç–∞–≤–∏–ª–∞ –±—ã 398 625 ‚Ç∏. üí≥ –û—Ñ–æ—Ä–º–∏—Ç—å –∫–∞—Ä—Ç—É."
36,–ö—Ä–µ–¥–∏—Ç–Ω–∞—è –∫–∞—Ä—Ç–∞,"–ü–æ–∫—É–ø–∞–π—Ç–µ —Ç–æ, —á—Ç–æ –ª—é–±–∏—Ç–µ, –∏ —ç–∫–æ–Ω–æ–º—å—Ç–µ! –ù–∞–∑—ã–º, —Å –Ω–∞—à–µ–π –∫—Ä–µ–¥–∏—Ç–Ω–æ–π –∫–∞—Ä—Ç–æ–π –≤—ã –±—ã –≤–µ—Ä–Ω—É–ª–∏ 288 957 ‚Ç∏ —Å –≤–∞—à–∏—Ö –æ–±—ã—á–Ω—ã—Ö –ø–æ–∫—É–ø–æ–∫. –ù–∞—á–∞—Ç—å —ç–∫–æ–Ω–æ–º–∏—Ç—å."
36,–ü—Ä–µ–º–∏–∞–ª—å–Ω–∞—è –∫–∞—Ä—Ç–∞,"–ó–∞–º–µ—Ç–∏–ª–∏ –≤–∞—à–∏ —Ç—Ä–∞—Ç—ã –≤ —Ä–µ—Å—Ç–æ—Ä–∞–Ω–∞—Ö. –ù–∞–∑—ã–º, —Å –ø—Ä–µ–º–∏–∞–ª—å–Ω–æ–π –∫–∞—Ä—Ç–æ–π –≤—ã –±—ã –ø–æ–ª—É—á–∏–ª–∏ –Ω–µ —Ç–æ–ª—å–∫–æ –ø–æ–≤—ã—à–µ–Ω–Ω—ã–π –∫–µ—à–±—ç–∫, –Ω–æ –∏ –≤—ã–≥–æ–¥—É –≤ 77 972 ‚Ç∏. –ü–æ–¥–∫–ª—é—á–∏—Ç—å —Å–µ–π—á–∞—Å."
36,–ö–∞—Ä—Ç–∞ –¥–ª—è –ø—É—Ç–µ—à–µ—Å—Ç–≤–∏–π,"–ù–∞–∑—ã–º, –≤–∞—à–∏ –ø–æ–µ–∑–¥–∫–∏ –º–æ–≥—É—Ç –±—ã—Ç—å –µ—â–µ –≤—ã–≥–æ–¥–Ω–µ–µ. –° —Ç—Ä–µ–≤–µ–ª-–∫–∞—Ä—Ç–æ–π –≤—ã –º–æ–≥–ª–∏ –±—ã –≤–µ—Ä–Ω—É—Ç—å 10 676 ‚Ç∏ –∑–∞ –ø–æ—Å–ª–µ–¥–Ω–∏–µ 3 –º–µ—Å—è—Ü–∞. ‚úàÔ∏è –•–æ—Ç–∏—Ç–µ –æ—Ñ–æ—Ä–º–∏—Ç—å?"
36,–ö—Ä–µ–¥–∏—Ç –Ω–∞–ª–∏—á–Ω—ã–º–∏,"–ù–∞–∑—ã–º, –µ—Å–ª–∏ –Ω—É–∂–µ–Ω –∑–∞–ø–∞—Å –Ω–∞ –∫—Ä—É–ø–Ω—ã–µ —Ç—Ä–∞—Ç—ã ‚Äî –º–æ–∂–Ω–æ –æ—Ñ–æ—Ä–º–∏—Ç—å –∫—Ä–µ–¥–∏—Ç –Ω–∞–ª–∏—á–Ω—ã–º–∏ —Å –≥–∏–±–∫–∏–º–∏ –≤—ã–ø–ª–∞—Ç–∞–º–∏. –£–∑–Ω–∞–π—Ç–µ –¥–æ—Å—Ç—É–ø–Ω—ã–π –ª–∏–º–∏—Ç –ø—Ä—è–º–æ –≤ –ø—Ä–∏–ª–æ–∂–µ–Ω–∏–∏."
37,–ö—Ä–µ–¥–∏—Ç–Ω–∞—è –∫–∞—Ä—Ç–∞,"–ì—É–ª—å–Ω–∞—Ä, –≤–∞—à–∞ –≤—ã–≥–æ–¥–∞ —Å –Ω–∞—à–µ–π –∫—Ä–µ–¥–∏—Ç–Ω–æ–π –∫–∞—Ä—Ç–æ–π –º–æ–≥–ª–∞ —Å–æ—Å—Ç–∞–≤–∏—Ç—å 305 726 ‚Ç∏ –∑–∞ 3 –º–µ—Å—è—Ü–∞ –±–ª–∞–≥–æ–¥–∞—Ä—è –∫–µ—à–±—ç–∫—É –≤ –ª—é–±–∏–º—ã—Ö –∫–∞—Ç–µ–≥–æ—Ä–∏—è—Ö. –£–∑–Ω–∞–π—Ç–µ –≤–∞—à –∫—Ä–µ–¥–∏—Ç–Ω—ã–π –ª–∏–º–∏—Ç."
37,–ü—Ä–µ–º–∏–∞–ª—å–Ω–∞—è –∫–∞—Ä—Ç–∞,"–ó–∞–º–µ—Ç–∏–ª–∏ –≤–∞—à–∏ —Ç—Ä–∞—Ç—ã –≤ —Ä–µ—Å—Ç–æ—Ä–∞–Ω–∞—Ö. –ì—É–ª—å–Ω–∞—Ä, —Å –ø—Ä–µ–º–∏–∞–ª—å–Ω–æ–π –∫–∞—Ä—Ç–æ–π –≤—ã –±—ã –ø–æ–ª—É—á–∏–ª–∏ –Ω–µ —Ç–æ–ª—å–∫–æ –ø–æ–≤—ã—à–µ–Ω–Ω—ã–π –∫–µ—à–±—ç–∫, –Ω–æ –∏ –≤—ã–≥–æ–¥—É –≤ 81 935 ‚Ç∏. –ü–æ–¥–∫–ª—é—á–∏—Ç—å —Å–µ–π—á–∞—Å."
37,–ö–∞—Ä—Ç–∞ –¥–ª—è –ø—É—Ç–µ—à–µ—Å—Ç–≤–∏–π,"–ì—É–ª—å–Ω–∞—Ä, –∑–∞–º–µ—Ç–∏–ª–∏ –≤–∞—à–∏ —Ç—Ä–∞—Ç—ã –Ω–∞ —Ç–∞–∫—Å–∏ –∏ –æ—Ç–µ–ª–∏. –ü—Ä–µ–≤—Ä–∞—Ç–∏—Ç–µ –∏—Ö –≤ –≤—ã–≥–æ–¥—É! –° –Ω–∞—à–µ–π –∫–∞—Ä—Ç–æ–π –¥–ª—è –ø—É—Ç–µ—à–µ—Å—Ç–≤–∏–π –≤—ã –±—ã —Å—ç–∫–æ–Ω–æ–º–∏–ª–∏ 9 348 ‚Ç∏. –£–∑–Ω–∞–π—Ç–µ –±–æ–ª—å—à–µ."
37,–ö—Ä–µ–¥–∏—Ç –Ω–∞–ª–∏—á–Ω—ã–º–∏,"–ì—É–ª—å–Ω–∞—Ä, –ø–ª–∞–Ω–∏—Ä—É–µ—Ç–µ –±–æ–ª—å—à–æ–µ —Å–æ–±—ã—Ç–∏–µ –∏–ª–∏ –ø–æ–∫—É–ø–∫—É? –ö—Ä–µ–¥–∏—Ç –Ω–∞–ª–∏—á–Ω—ã–º–∏ –ø–æ–º–æ–∂–µ—Ç —Ä–µ–∞–ª–∏–∑–æ–≤–∞—Ç—å –≤–∞—à–∏ –ø–ª–∞–Ω—ã –±–µ–∑ –ª–∏—à–Ω–∏—Ö —Å–ø—Ä–∞–≤–æ–∫ –∏ –æ–∂–∏–¥–∞–Ω–∏–π. –†–∞—Å—Å—á–∏—Ç–∞—Ç—å —É—Å–ª–æ–≤–∏—è."
38,–î–µ–ø–æ–∑–∏—Ç –°–±–µ—Ä–µ–≥–∞—Ç–µ–ª—å–Ω—ã–π,"–ó–∞—Å—Ç–∞–≤—å—Ç–µ –≤–∞—à–∏ –¥–µ–Ω—å–≥–∏ —Ä–∞–±–æ—Ç–∞—Ç—å! –°–µ—Ä–∏–∫, –≤–∞—à –∫–∞–ø–∏—Ç–∞–ª –º–æ–≥ –±—ã –ø—Ä–∏–Ω–µ—Å—Ç–∏ 960 081 ‚Ç∏ –ø–∞—Å—Å–∏–≤–Ω–æ–≥–æ –¥–æ—Ö–æ–¥–∞ –≤ –≥–æ–¥ –Ω–∞ —Å–±–µ—Ä–µ–≥–∞—Ç–µ–ª—å–Ω–æ–º –¥–µ–ø–æ–∑–∏—Ç–µ. –ù–∞—á–∞—Ç—å –∫–æ–ø–∏—Ç—å."
38,–î–µ–ø–æ–∑–∏—Ç –ù–∞–∫–æ–ø–∏—Ç–µ–ª—å–Ω—ã–π,"–°–µ—Ä–∏–∫, —É –Ω–∞—Å –µ—Å—Ç—å –¥–ª—è –≤–∞—Å –ø—Ä–µ–¥–ª–æ–∂–µ–Ω–∏–µ –ø–æ –ø—Ä–æ–¥—É–∫—Ç—É ¬´–î–µ–ø–æ–∑–∏—Ç –ù–∞–∫–æ–ø–∏—Ç–µ–ª—å–Ω—ã–π¬ª —Å –≤—ã–≥–æ–¥–æ–π –¥–æ 901 894 ‚Ç∏. –£–∑–Ω–∞–π—Ç–µ –ø–æ–¥—Ä–æ–±–Ω–æ—Å—Ç–∏ –≤ –ø—Ä–∏–ª–æ–∂–µ–Ω–∏–∏. üòä"
38,–î–µ–ø–æ–∑–∏—Ç –ú—É–ª—å—Ç–∏–≤–∞–ª—é—Ç–Ω—ã–π,"–°–µ—Ä–∏–∫, —É –Ω–∞—Å –µ—Å—Ç—å –¥–ª—è –≤–∞—Å –ø—Ä–µ–¥–ª–æ–∂–µ–Ω–∏–µ –ø–æ –ø—Ä–æ–¥—É–∫—Ç—É ¬´–î–µ–ø–æ–∑–∏—Ç –ú—É–ª—å—Ç–∏–≤–∞–ª—é—Ç–Ω—ã–π¬ª —Å –≤—ã–≥–æ–¥–æ–π –¥–æ 843 707 ‚Ç∏. –£–∑–Ω–∞–π—Ç–µ –ø–æ–¥—Ä–æ–±–Ω–æ—Å—Ç–∏ –≤ –ø—Ä–∏–ª–æ–∂–µ–Ω–∏–∏. üòä"
38,–ö—Ä–µ–¥–∏—Ç–Ω–∞—è –∫–∞—Ä—Ç–∞,"–ü–æ–∫—É–ø–∞–π—Ç–µ —Ç–æ, —á—Ç–æ –ª—é–±–∏—Ç–µ, –∏ —ç–∫–æ–Ω–æ–º—å—Ç–µ! –°–µ—Ä–∏–∫, —Å –Ω–∞—à–µ–π –∫—Ä–µ–¥–∏—Ç–Ω–æ–π –∫–∞—Ä—Ç–æ–π –≤—ã –±—ã –≤–µ—Ä–Ω—É–ª–∏ 390 304 ‚Ç∏ —Å –≤–∞—à–∏—Ö –æ–±—ã—á–Ω—ã—Ö –ø–æ–∫—É–ø–æ–∫. –ù–∞—á–∞—Ç—å —ç–∫–æ–Ω–æ–º–∏—Ç—å."
39,–î–µ–ø–æ–∑–∏—Ç –°–±–µ—Ä–µ–≥–∞—Ç–µ–ª—å–Ω—ã–π,"–õ—è–∑–∑–∞—Ç, –≤–∞—à –æ—Å—Ç–∞—Ç–æ–∫ –Ω–∞ —Å—á–µ—Ç–µ –º–æ–∂–µ—Ç –ø—Ä–∏–Ω–æ—Å–∏—Ç—å —Ä–µ–∞–ª—å–Ω—ã–π –¥–æ—Ö–æ–¥. –†–∞–∑–º–µ—Å—Ç–∏—Ç–µ –µ–≥–æ –Ω–∞ —Å–±–µ—Ä–µ–≥–∞—Ç–µ–ª—å–Ω–æ–º –≤–∫–ª–∞–¥–µ –∏ –ø–æ–ª—É—á–∏—Ç–µ –¥–æ 205 959 ‚Ç∏ –≥–æ–¥–æ–≤—ã—Ö. üìà –û—Ç–∫—Ä—ã—Ç—å."
39,–î–µ–ø–æ–∑–∏—Ç –ù–∞–∫–æ–ø–∏—Ç–µ–ª—å–Ω—ã–π,"–õ—è–∑–∑–∞—Ç, —É –Ω–∞—Å –µ—Å—Ç—å –¥–ª—è –≤–∞—Å –ø—Ä–µ–¥–ª–æ–∂–µ–Ω–∏–µ –ø–æ –ø—Ä–æ–¥—É–∫—Ç—É ¬´–î–µ–ø–æ–∑–∏—Ç –ù–∞–∫–æ–ø–∏—Ç–µ–ª—å–Ω—ã–π¬ª —Å –≤—ã–≥–æ–¥–æ–π –¥–æ 193 477 ‚Ç∏. –£–∑–Ω–∞–π—Ç–µ –ø–æ–¥—Ä–æ–±–Ω–æ—Å—Ç–∏ –≤ –ø—Ä–∏–ª–æ–∂–µ–Ω–∏–∏. üòä"
39,–î–µ–ø–æ–∑–∏—Ç –ú—É–ª—å—Ç–∏–≤–∞–ª—é—Ç–Ω—ã–π,"–õ—è–∑–∑–∞—Ç, —É –Ω–∞—Å –µ—Å—Ç—å –¥–ª—è –≤–∞—Å –ø—Ä–µ–¥–ª–æ–∂–µ–Ω–∏–µ –ø–æ –ø—Ä–æ–¥—É–∫—Ç—É ¬´–î–µ–ø–æ–∑–∏—Ç –ú—É–ª—å—Ç–∏–≤–∞–ª—é—Ç–Ω—ã–π¬ª —Å –≤—ã–≥–æ–¥–æ–π –¥–æ 180 994 ‚Ç∏. –£–∑–Ω–∞–π—Ç–µ –ø–æ–¥—Ä–æ–±–Ω–æ—Å—Ç–∏ –≤ –ø—Ä–∏–ª–æ–∂–µ–Ω–∏–∏. üòä"
39,–ö—Ä–µ–¥–∏—Ç–Ω–∞—è –∫–∞—Ä—Ç–∞,"–õ—è–∑–∑–∞—Ç, –≤–∞—à–∞ –≤—ã–≥–æ–¥–∞ —Å –Ω–∞—à–µ–π –∫—Ä–µ–¥–∏—Ç–Ω–æ–π –∫–∞—Ä—Ç–æ–π –º–æ–≥–ª–∞ —Å–æ—Å—Ç–∞–≤–∏—Ç—å 293 345 ‚Ç∏ –∑–∞ 3 –º–µ—Å—è—Ü–∞ –±–ª–∞–≥–æ–¥–∞—Ä—è –∫–µ—à–±—ç–∫—É –≤ –ª—é–±–∏–º—ã—Ö –∫–∞—Ç–µ–≥–æ—Ä–∏—è—Ö. –£–∑–Ω–∞–π—Ç–µ –≤–∞—à –∫—Ä–µ–¥–∏—Ç–Ω—ã–π –ª–∏–º–∏—Ç."
40,–ö—Ä–µ–¥–∏—Ç–Ω–∞—è –∫–∞—Ä—Ç–∞,"–ê—Å—Ö–∞—Ç, –≤–∞—à–∏ —Ç–æ–ø-–∫–∞—Ç–µ–≥–æ—Ä–∏–∏ ‚Äî –ü—Ä–æ–¥—É–∫—Ç—ã –ø–∏—Ç–∞–Ω–∏—è, –ö–∞—Ñ–µ –∏ —Ä–µ—Å—Ç–æ—Ä–∞–Ω—ã, –¢–∞–∫—Å–∏. –° –∫—Ä–µ–¥–∏—Ç–Ω–æ–π –∫–∞—Ä—Ç–æ–π –≤—ã –±—ã –ø–æ–ª—É—á–∏–ª–∏ –¥–æ 10% –∫–µ—à–±—ç–∫–∞, –∞ –≤–∞—à–∞ –≤—ã–≥–æ–¥–∞ —Å–æ—Å—Ç–∞–≤–∏–ª–∞ –±—ã 338 698 ‚Ç∏. üí≥ –û—Ñ–æ—Ä–º–∏—Ç—å –∫–∞—Ä—Ç—É."
40,–ö–∞—Ä—Ç–∞ –¥–ª—è –ø—É—Ç–µ—à–µ—Å—Ç–≤–∏–π,"–ü—É—Ç–µ—à–µ—Å—Ç–≤–æ–≤–∞—Ç—å ‚Äî –∑–¥–æ—Ä–æ–≤–æ, –∞ —Å –∫–µ—à–±—ç–∫–æ–º ‚Äî –µ—â–µ –ª—É—á—à–µ! –ê—Å—Ö–∞—Ç, –≤–∞—à–∞ –≤—ã–≥–æ–¥–∞ —Å –∫–∞—Ä—Ç–æ–π –¥–ª—è –ø—É—Ç–µ—à–µ—Å—Ç–≤–∏–π –º–æ–≥–ª–∞ —Å–æ—Å—Ç–∞–≤–∏—Ç—å 12 196 ‚Ç∏. –û—Ç–∫—Ä–æ–π—Ç–µ –µ–µ –≤ –ø—Ä–∏–ª–æ–∂–µ–Ω–∏–∏."
40,–ö—Ä–µ–¥–∏—Ç –Ω–∞–ª–∏—á–Ω—ã–º–∏,"–ê—Å—Ö–∞—Ç, –ø–ª–∞–Ω–∏—Ä—É–µ—Ç–µ –±–æ–ª—å—à–æ–µ —Å–æ–±—ã—Ç–∏–µ –∏–ª–∏ –ø–æ–∫—É–ø–∫—É? –ö—Ä–µ–¥–∏—Ç –Ω–∞–ª–∏—á–Ω—ã–º–∏ –ø–æ–º–æ–∂–µ—Ç —Ä–µ–∞–ª–∏–∑–æ–≤–∞—Ç—å –≤–∞—à–∏ –ø–ª–∞–Ω—ã –±–µ–∑ –ª–∏—à–Ω–∏—Ö —Å–ø—Ä–∞–≤–æ–∫ –∏ –æ–∂–∏–¥–∞–Ω–∏–π. –†–∞—Å—Å—á–∏—Ç–∞—Ç—å —É—Å–ª–æ–≤–∏—è."
40,–ü—Ä–µ–º–∏–∞–ª—å–Ω–∞—è –∫–∞—Ä—Ç–∞,"–ê—Å—Ö–∞—Ç, —Å –≤–∞—à–∏–º —Å—Ç–∏–ª–µ–º —Ç—Ä–∞—Ç –ø—Ä–µ–º–∏–∞–ª—å–Ω–∞—è –∫–∞—Ä—Ç–∞ –º–æ–≥–ª–∞ –±—ã –ø—Ä–∏–Ω–µ—Å—Ç–∏ 0 ‚Ç∏ –∑–∞ 3 –º–µ—Å—è—Ü–∞. –ù–∞—Å–ª–∞–∂–¥–∞–π—Ç–µ—Å—å –ø–æ–≤—ã—à–µ–Ω–Ω—ã–º –∫–µ—à–±—ç–∫–æ–º –∏ –ø—Ä–∏–≤–∏–ª–µ–≥–∏—è–º–∏! ‚ú® –û—Ñ–æ—Ä–º–∏—Ç—å —Å–µ–π—á–∞—Å."
41,–î–µ–ø–æ–∑–∏—Ç –°–±–µ—Ä–µ–≥–∞—Ç–µ–ª—å–Ω—ã–π,"–°–∞–Ω–¥—É–≥–∞—à, –≤–∞—à –æ—Å—Ç–∞—Ç–æ–∫ –Ω–∞ —Å—á–µ—Ç–µ –º–æ–∂–µ—Ç –ø—Ä–∏–Ω–æ—Å–∏—Ç—å —Ä–µ–∞–ª—å–Ω—ã–π –¥–æ—Ö–æ–¥. –†–∞–∑–º–µ—Å—Ç–∏—Ç–µ –µ–≥–æ –Ω–∞ —Å–±–µ—Ä–µ–≥–∞—Ç–µ–ª—å–Ω–æ–º –≤–∫–ª–∞–¥–µ –∏ –ø–æ–ª—É—á–∏—Ç–µ –¥–æ 192 111 ‚Ç∏ –≥–æ–¥–æ–≤—ã—Ö. üìà –û—Ç–∫—Ä—ã—Ç—å."
41,–î–µ–ø–æ–∑–∏—Ç –ù–∞–∫–æ–ø–∏—Ç–µ–ª—å–Ω—ã–π,"–°–∞–Ω–¥—É–≥–∞—à, —É –Ω–∞—Å –µ—Å—Ç—å –¥–ª—è –≤–∞—Å –ø—Ä–µ–¥–ª–æ–∂–µ–Ω–∏–µ –ø–æ –ø—Ä–æ–¥—É–∫—Ç—É ¬´–î–µ–ø–æ–∑–∏—Ç –ù–∞–∫–æ–ø–∏—Ç–µ–ª—å–Ω—ã–π¬ª —Å –≤—ã–≥–æ–¥–æ–π –¥–æ 180 468 ‚Ç∏. –£–∑–Ω–∞–π—Ç–µ –ø–æ–¥—Ä–æ–±–Ω–æ—Å—Ç–∏ –≤ –ø—Ä–∏–ª–æ–∂–µ–Ω–∏–∏. üòä"
41,–î–µ–ø–æ–∑–∏—Ç –ú—É–ª—å—Ç–∏–≤–∞–ª—é—Ç–Ω—ã–π,"–°–∞–Ω–¥—É–≥–∞—à, —É –Ω–∞—Å –µ—Å—Ç—å –¥–ª—è –≤–∞—Å –ø—Ä–µ–¥–ª–æ–∂–µ–Ω–∏–µ –ø–æ –ø—Ä–æ–¥—É–∫—Ç—É ¬´–î–µ–ø–æ–∑–∏—Ç –ú—É–ª—å—Ç–∏–≤–∞–ª—é—Ç–Ω—ã–π¬ª —Å –≤—ã–≥–æ–¥–æ–π –¥–æ 168 825 ‚Ç∏. –£–∑–Ω–∞–π—Ç–µ –ø–æ–¥—Ä–æ–±–Ω–æ—Å—Ç–∏ –≤ –ø—Ä–∏–ª–æ–∂–µ–Ω–∏–∏. üòä"
41,–ö—Ä–µ–¥–∏—Ç–Ω–∞—è –∫–∞—Ä—Ç–∞,"–°–∞–Ω–¥—É–≥–∞—à, –≤–∞—à–∏ —Ç–æ–ø-–∫–∞—Ç–µ–≥–æ—Ä–∏–∏ ‚Äî –ü—Ä–æ–¥—É–∫—Ç—ã –ø–∏—Ç–∞–Ω–∏—è, –ö–∞—Ñ–µ –∏ —Ä–µ—Å—Ç–æ—Ä–∞–Ω—ã, –¢–∞–∫—Å–∏. –° –∫—Ä–µ–¥–∏—Ç–Ω–æ–π –∫–∞—Ä—Ç–æ–π –≤—ã –±—ã –ø–æ–ª—É—á–∏–ª–∏ –¥–æ 10% –∫–µ—à–±—ç–∫–∞, –∞ –≤–∞—à–∞ –≤—ã–≥–æ–¥–∞ —Å–æ—Å—Ç–∞–≤–∏–ª–∞ –±—ã 320 408 ‚Ç∏. üí≥ –û—Ñ–æ—Ä–º–∏—Ç—å –∫–∞—Ä—Ç—É."
42,–î–µ–ø–æ–∑–∏—Ç –°–±–µ—Ä–µ–≥–∞—Ç–µ–ª—å–Ω—ã–π,"–ó–∞—Å—Ç–∞–≤—å—Ç–µ –≤–∞—à–∏ –¥–µ–Ω—å–≥–∏ —Ä–∞–±–æ—Ç–∞—Ç—å! –†—É—Å—Ç–µ–º, –≤–∞—à –∫–∞–ø–∏—Ç–∞–ª –º–æ–≥ –±—ã –ø—Ä–∏–Ω–µ—Å—Ç–∏ 486 424 ‚Ç∏ –ø–∞—Å—Å–∏–≤–Ω–æ–≥–æ –¥–æ—Ö–æ–¥–∞ –≤ –≥–æ–¥ –Ω–∞ —Å–±–µ—Ä–µ–≥–∞—Ç–µ–ª—å–Ω–æ–º –¥–µ–ø–æ–∑–∏—Ç–µ. –ù–∞—á–∞—Ç—å –∫–æ–ø–∏—Ç—å."
42,–î–µ–ø–æ–∑–∏—Ç –ù–∞–∫–æ–ø–∏—Ç–µ–ª—å–Ω—ã–π,"–†—É—Å—Ç–µ–º, —É –Ω–∞—Å –µ—Å—Ç—å –¥–ª—è –≤–∞—Å –ø—Ä–µ–¥–ª–æ–∂–µ–Ω–∏–µ –ø–æ –ø—Ä–æ–¥—É–∫—Ç—É ¬´–î–µ–ø–æ–∑–∏—Ç –ù–∞–∫–æ–ø–∏—Ç–µ–ª—å–Ω—ã–π¬ª —Å –≤—ã–≥–æ–¥–æ–π –¥–æ 456 944 ‚Ç∏. –£–∑–Ω–∞–π—Ç–µ –ø–æ–¥—Ä–æ–±–Ω–æ—Å—Ç–∏ –≤ –ø—Ä–∏–ª–æ–∂–µ–Ω–∏–∏. üòä"
42,–î–µ–ø–æ–∑–∏—Ç –ú—É–ª—å—Ç–∏–≤–∞–ª—é—Ç–Ω—ã–π,"–†—É—Å—Ç–µ–º, —É –Ω–∞—Å –µ—Å—Ç—å –¥–ª—è –≤–∞—Å –ø—Ä–µ–¥–ª–æ–∂–µ–Ω–∏–µ –ø–æ –ø—Ä–æ–¥—É–∫—Ç—É ¬´–î–µ–ø–æ–∑–∏—Ç –ú—É–ª—å—Ç–∏–≤–∞–ª—é—Ç–Ω—ã–π¬ª —Å –≤—ã–≥–æ–¥–æ–π –¥–æ 427 464 ‚Ç∏. –£–∑–Ω–∞–π—Ç–µ –ø–æ–¥—Ä–æ–±–Ω–æ—Å—Ç–∏ –≤ –ø—Ä–∏–ª–æ–∂–µ–Ω–∏–∏. üòä"
42,–ö—Ä–µ–¥–∏—Ç–Ω–∞—è –∫–∞—Ä—Ç–∞,"–†—É—Å—Ç–µ–º, –≤–∞—à–∏ —Ç–æ–ø-–∫–∞—Ç–µ–≥–æ—Ä–∏–∏ ‚Äî –ö–∞—Ñ–µ –∏ —Ä–µ—Å—Ç–æ—Ä–∞–Ω—ã, –ü—Ä–æ–¥—É–∫—Ç—ã –ø–∏—Ç–∞–Ω–∏—è, –¢–∞–∫—Å–∏. –° –∫—Ä–µ–¥–∏—Ç–Ω–æ–π –∫–∞—Ä—Ç–æ–π –≤—ã –±—ã –ø–æ–ª—É—á–∏–ª–∏ –¥–æ 10% –∫–µ—à–±—ç–∫–∞, –∞ –≤–∞—à–∞ –≤—ã–≥–æ–¥–∞ —Å–æ—Å—Ç–∞–≤–∏–ª–∞ –±—ã 435 712 ‚Ç∏. üí≥ –û—Ñ–æ—Ä–º–∏—Ç—å –∫–∞—Ä—Ç—É."
43,–ö—Ä–µ–¥–∏—Ç–Ω–∞—è –∫–∞—Ä—Ç–∞,"–ù—É—Ä—Ç–∞—Å, –≤–∞—à–∞ –≤—ã–≥–æ–¥–∞ —Å –Ω–∞—à–µ–π –∫—Ä–µ–¥–∏—Ç–Ω–æ–π –∫–∞—Ä—Ç–æ–π –º–æ–≥–ª–∞ —Å–æ—Å—Ç–∞–≤–∏—Ç—å 299 635 ‚Ç∏ –∑–∞ 3 –º–µ—Å—è—Ü–∞ –±–ª–∞–≥–æ–¥–∞—Ä—è –∫–µ—à–±—ç–∫—É –≤ –ª—é–±–∏–º—ã—Ö –∫–∞—Ç–µ–≥–æ—Ä–∏—è—Ö. –£–∑–Ω–∞–π—Ç–µ –≤–∞—à –∫—Ä–µ–¥–∏—Ç–Ω—ã–π –ª–∏–º–∏—Ç."
43,–ö–∞—Ä—Ç–∞ –¥–ª—è –ø—É—Ç–µ—à–µ—Å—Ç–≤–∏–π,"–ù—É—Ä—Ç–∞—Å, –∑–∞–º–µ—Ç–∏–ª–∏ –≤–∞—à–∏ —Ç—Ä–∞—Ç—ã –Ω–∞ —Ç–∞–∫—Å–∏ –∏ –æ—Ç–µ–ª–∏. –ü—Ä–µ–≤—Ä–∞—Ç–∏—Ç–µ –∏—Ö –≤ –≤—ã–≥–æ–¥—É! –° –Ω–∞—à–µ–π –∫–∞—Ä—Ç–æ–π –¥–ª—è –ø—É—Ç–µ—à–µ—Å—Ç–≤–∏–π –≤—ã –±—ã —Å—ç–∫–æ–Ω–æ–º–∏–ª–∏ 8 694 ‚Ç∏. –£–∑–Ω–∞–π—Ç–µ –±–æ–ª—å—à–µ."
43,–ö—Ä–µ–¥–∏—Ç –Ω–∞–ª–∏—á–Ω—ã–º–∏,"–ù—É—Ä—Ç–∞—Å, –ø–ª–∞–Ω–∏—Ä—É–µ—Ç–µ –±–æ–ª—å—à–æ–µ —Å–æ–±—ã—Ç–∏–µ –∏–ª–∏ –ø–æ–∫—É–ø–∫—É? –ö—Ä–µ–¥–∏—Ç –Ω–∞–ª–∏—á–Ω—ã–º–∏ –ø–æ–º–æ–∂–µ—Ç —Ä–µ–∞–ª–∏–∑–æ–≤–∞—Ç—å –≤–∞—à–∏ –ø–ª–∞–Ω—ã –±–µ–∑ –ª–∏—à–Ω–∏—Ö —Å–ø—Ä–∞–≤–æ–∫ –∏ –æ–∂–∏–¥–∞–Ω–∏–π. –†–∞—Å—Å—á–∏—Ç–∞—Ç—å —É—Å–ª–æ–≤–∏—è."
43,–ü—Ä–µ–º–∏–∞–ª—å–Ω–∞—è –∫–∞—Ä—Ç–∞,"–ù—É—Ä—Ç–∞—Å, –≤–∞—à —Å—Ç–∞—Ç—É—Å –ø–æ–∑–≤–æ–ª—è–µ—Ç –ø–æ–ª—É—á–∞—Ç—å –±–æ–ª—å—à–µ. –ü—Ä–µ–º–∏–∞–ª—å–Ω–∞—è –∫–∞—Ä—Ç–∞ ‚Äî —ç—Ç–æ –Ω–µ —Ç–æ–ª—å–∫–æ –∫–æ–º—Ñ–æ—Ä—Ç, –Ω–æ –∏ –ø—Ä—è–º–∞—è –≤—ã–≥–æ–¥–∞, –∫–æ—Ç–æ—Ä–∞—è –º–æ–≥–ª–∞ —Å–æ—Å—Ç–∞–≤–∏—Ç—å 0 ‚Ç∏. –ü–æ–ø—Ä–æ–±—É–π—Ç–µ."
44,–ö—Ä–µ–¥–∏—Ç–Ω–∞—è –∫–∞—Ä—Ç–∞,"–ê–π–Ω–∞–≥—É–ª—å, –≤–∞—à–∏ —Ç–æ–ø-–∫–∞—Ç–µ–≥–æ—Ä–∏–∏ ‚Äî –ü—Ä–æ–¥—É–∫—Ç—ã –ø–∏—Ç–∞–Ω–∏—è, –ö–∞—Ñ–µ –∏ —Ä–µ—Å—Ç–æ—Ä–∞–Ω—ã, –¢–∞–∫—Å–∏. –° –∫—Ä–µ–¥–∏—Ç–Ω–æ–π –∫–∞—Ä—Ç–æ–π –≤—ã –±—ã –ø–æ–ª—É—á–∏–ª–∏ –¥–æ 10% –∫–µ—à–±—ç–∫–∞, –∞ –≤–∞—à–∞ –≤—ã–≥–æ–¥–∞ —Å–æ—Å—Ç–∞–≤–∏–ª–∞ –±—ã 301 267 ‚Ç∏. üí≥ –û—Ñ–æ—Ä–º–∏—Ç—å –∫–∞—Ä—Ç—É."
44,–ö–∞—Ä—Ç–∞ –¥–ª—è –ø—É—Ç–µ—à–µ—Å—Ç–≤–∏–π,"–ê–π–Ω–∞–≥—É–ª—å, –∑–∞–º–µ—Ç–∏–ª–∏ –≤–∞—à–∏ —Ç—Ä–∞—Ç—ã –Ω–∞ —Ç–∞–∫—Å–∏ –∏ –æ—Ç–µ–ª–∏. –ü—Ä–µ–≤—Ä–∞—Ç–∏—Ç–µ –∏—Ö –≤ –≤—ã–≥–æ–¥—É! –° –Ω–∞—à–µ–π –∫–∞—Ä—Ç–æ–π –¥–ª—è –ø—É—Ç–µ—à–µ—Å—Ç–≤–∏–π –≤—ã –±—ã —Å—ç–∫–æ–Ω–æ–º–∏–ª–∏ 10 229 ‚Ç∏. –£–∑–Ω–∞–π—Ç–µ –±–æ–ª—å—à–µ."
44,–ö—Ä–µ–¥–∏—Ç –Ω–∞–ª–∏—á–Ω—ã–º–∏,"–ê–π–Ω–∞–≥—É–ª—å, –ø–ª–∞–Ω–∏—Ä—É–µ—Ç–µ –±–æ–ª—å—à–æ–µ —Å–æ–±—ã—Ç–∏–µ –∏–ª–∏ –ø–æ–∫—É–ø–∫—É? –ö—Ä–µ–¥–∏—Ç –Ω–∞–ª–∏—á–Ω—ã–º–∏ –ø–æ–º–æ–∂–µ—Ç —Ä–µ–∞–ª–∏–∑–æ–≤–∞—Ç—å –≤–∞—à–∏ –ø–ª–∞–Ω—ã –±–µ–∑ –ª–∏—à–Ω–∏—Ö —Å–ø—Ä–∞–≤–æ–∫ –∏ –æ–∂–∏–¥–∞–Ω–∏–π. –†–∞—Å—Å—á–∏—Ç–∞—Ç—å —É—Å–ª–æ–≤–∏—è."
44,–ü—Ä–µ–º–∏–∞–ª—å–Ω–∞—è –∫–∞—Ä—Ç–∞,"–ê–π–Ω–∞–≥—É–ª—å, —Å –≤–∞—à–∏–º —Å—Ç–∏–ª–µ–º —Ç—Ä–∞—Ç –ø—Ä–µ–º–∏–∞–ª—å–Ω–∞—è –∫–∞—Ä—Ç–∞ –º–æ–≥–ª–∞ –±—ã –ø—Ä–∏–Ω–µ—Å—Ç–∏ 0 ‚Ç∏ –∑–∞ 3 –º–µ—Å—è—Ü–∞. –ù–∞—Å–ª–∞–∂–¥–∞–π—Ç–µ—Å—å –ø–æ–≤—ã—à–µ–Ω–Ω—ã–º –∫–µ—à–±—ç–∫–æ–º –∏ –ø—Ä–∏–≤–∏–ª–µ–≥–∏—è–º–∏! ‚ú® –û—Ñ–æ—Ä–º–∏—Ç—å —Å–µ–π—á–∞—Å."
45,–ö—Ä–µ–¥–∏—Ç–Ω–∞—è –∫–∞—Ä—Ç–∞,"–î–∏–∞–Ω–∞, –≤–∞—à–∏ —Ç–æ–ø-–∫–∞—Ç–µ–≥–æ—Ä–∏–∏ ‚Äî –†–µ–º–æ–Ω—Ç –¥–æ–º–∞, –Æ–≤–µ–ª–∏—Ä–Ω—ã–µ —É–∫—Ä–∞—à–µ–Ω–∏—è, –ö–∞—Ñ–µ –∏ —Ä–µ—Å—Ç–æ—Ä–∞–Ω—ã. –° –∫—Ä–µ–¥–∏—Ç–Ω–æ–π –∫–∞—Ä—Ç–æ–π –≤—ã –±—ã –ø–æ–ª—É—á–∏–ª–∏ –¥–æ 10% –∫–µ—à–±—ç–∫–∞, –∞ –≤–∞—à–∞ –≤—ã–≥–æ–¥–∞ —Å–æ—Å—Ç–∞–≤–∏–ª–∞ –±—ã 614 141 ‚Ç∏. üí≥ –û—Ñ–æ—Ä–º–∏—Ç—å –∫–∞—Ä—Ç—É."
45,–ö–∞—Ä—Ç–∞ –¥–ª—è –ø—É—Ç–µ—à–µ—Å—Ç–≤–∏–π,"–î–∏–∞–Ω–∞, –∑–∞–º–µ—Ç–∏–ª–∏ –≤–∞—à–∏ —Ç—Ä–∞—Ç—ã –Ω–∞ —Ç–∞–∫—Å–∏ –∏ –æ—Ç–µ–ª–∏. –ü—Ä–µ–≤—Ä–∞—Ç–∏—Ç–µ –∏—Ö –≤ –≤—ã–≥–æ–¥—É! –° –Ω–∞—à–µ–π –∫–∞—Ä—Ç–æ–π –¥–ª—è –ø—É—Ç–µ—à–µ—Å—Ç–≤–∏–π –≤—ã –±—ã —Å—ç–∫–æ–Ω–æ–º–∏–ª–∏ 15 390 ‚Ç∏. –£–∑–Ω–∞–π—Ç–µ –±–æ–ª—å—à–µ."
45,–ö—Ä–µ–¥–∏—Ç –Ω–∞–ª–∏—á–Ω—ã–º–∏,"–î–∏–∞–Ω–∞, –µ—Å–ª–∏ –Ω—É–∂–µ–Ω –∑–∞–ø–∞—Å –Ω–∞ –∫—Ä—É–ø–Ω—ã–µ —Ç—Ä–∞—Ç—ã ‚Äî –º–æ–∂–Ω–æ –æ—Ñ–æ—Ä–º–∏—Ç—å –∫—Ä–µ–¥–∏—Ç –Ω–∞–ª–∏—á–Ω—ã–º–∏ —Å –≥–∏–±–∫–∏–º–∏ –≤—ã–ø–ª–∞—Ç–∞–º–∏. –£–∑–Ω–∞–π—Ç–µ –¥–æ—Å—Ç—É–ø–Ω—ã–π –ª–∏–º–∏—Ç –ø—Ä—è–º–æ –≤ –ø—Ä–∏–ª–æ–∂–µ–Ω–∏–∏."
45,–ü—Ä–µ–º–∏–∞–ª—å–Ω–∞—è –∫–∞—Ä—Ç–∞,"–î–∏–∞–Ω–∞, –≤–∞—à —Å—Ç–∞—Ç—É—Å –ø–æ–∑–≤–æ–ª—è–µ—Ç –ø–æ–ª—É—á–∞—Ç—å –±–æ–ª—å—à–µ. –ü—Ä–µ–º–∏–∞–ª—å–Ω–∞—è –∫–∞—Ä—Ç–∞ ‚Äî —ç—Ç–æ –Ω–µ —Ç–æ–ª—å–∫–æ –∫–æ–º—Ñ–æ—Ä—Ç, –Ω–æ –∏ –ø—Ä—è–º–∞—è –≤—ã–≥–æ–¥–∞, –∫–æ—Ç–æ—Ä–∞—è –º–æ–≥–ª–∞ —Å–æ—Å—Ç–∞–≤–∏—Ç—å 0 ‚Ç∏. –ü–æ–ø—Ä–æ–±—É–π—Ç–µ."
46,–ö—Ä–µ–¥–∏—Ç–Ω–∞—è –∫–∞—Ä—Ç–∞,"–ü–æ–∫—É–ø–∞–π—Ç–µ —Ç–æ, —á—Ç–æ –ª—é–±–∏—Ç–µ, –∏ —ç–∫–æ–Ω–æ–º—å—Ç–µ! –ê—Ä—Å–µ–Ω, —Å –Ω–∞—à–µ–π –∫—Ä–µ–¥–∏—Ç–Ω–æ–π –∫–∞—Ä—Ç–æ–π –≤—ã –±—ã –≤–µ—Ä–Ω—É–ª–∏ 301 378 ‚Ç∏ —Å –≤–∞—à–∏—Ö –æ–±—ã—á–Ω—ã—Ö –ø–æ–∫—É–ø–æ–∫. –ù–∞—á–∞—Ç—å —ç–∫–æ–Ω–æ–º–∏—Ç—å."
46,–ö–∞—Ä—Ç–∞ –¥–ª—è –ø—É—Ç–µ—à–µ—Å—Ç–≤–∏–π,"–ê—Ä—Å–µ–Ω, –∑–∞–º–µ—Ç–∏–ª–∏ –≤–∞—à–∏ —Ç—Ä–∞—Ç—ã –Ω–∞ —Ç–∞–∫—Å–∏ –∏ –æ—Ç–µ–ª–∏. –ü—Ä–µ–≤—Ä–∞—Ç–∏—Ç–µ –∏—Ö –≤ –≤—ã–≥–æ–¥—É! –° –Ω–∞—à–µ–π –∫–∞—Ä—Ç–æ–π –¥–ª—è –ø—É—Ç–µ—à–µ—Å—Ç–≤–∏–π –≤—ã –±—ã —Å—ç–∫–æ–Ω–æ–º–∏–ª–∏ 9 191 ‚Ç∏. –£–∑–Ω–∞–π—Ç–µ –±–æ–ª—å—à–µ."
46,–ö—Ä–µ–¥–∏—Ç –Ω–∞–ª–∏—á–Ω—ã–º–∏,"–ê—Ä—Å–µ–Ω, –ø–ª–∞–Ω–∏—Ä—É–µ—Ç–µ –±–æ–ª—å—à–æ–µ —Å–æ–±—ã—Ç–∏–µ –∏–ª–∏ –ø–æ–∫—É–ø–∫—É? –ö—Ä–µ–¥–∏—Ç –Ω–∞–ª–∏—á–Ω—ã–º–∏ –ø–æ–º–æ–∂–µ—Ç —Ä–µ–∞–ª–∏–∑–æ–≤–∞—Ç—å –≤–∞—à–∏ –ø–ª–∞–Ω—ã –±–µ–∑ –ª–∏—à–Ω–∏—Ö —Å–ø—Ä–∞–≤–æ–∫ –∏ –æ–∂–∏–¥–∞–Ω–∏–π. –†–∞—Å—Å—á–∏—Ç–∞—Ç—å —É—Å–ª–æ–≤–∏—è."
46,–ü—Ä–µ–º–∏–∞–ª—å–Ω–∞—è –∫–∞—Ä—Ç–∞,"–ê—Ä—Å–µ–Ω, –≤–∞—à —Å—Ç–∞—Ç—É—Å –ø–æ–∑–≤–æ–ª—è–µ—Ç –ø–æ–ª—É—á–∞—Ç—å –±–æ–ª—å—à–µ. –ü—Ä–µ–º–∏–∞–ª—å–Ω–∞—è –∫–∞—Ä—Ç–∞ ‚Äî —ç—Ç–æ –Ω–µ —Ç–æ–ª—å–∫–æ –∫–æ–º—Ñ–æ—Ä—Ç, –Ω–æ –∏ –ø—Ä—è–º–∞—è –≤—ã–≥–æ–¥–∞, –∫–æ—Ç–æ—Ä–∞—è –º–æ–≥–ª–∞ —Å–æ—Å—Ç–∞–≤–∏—Ç—å 0 ‚Ç∏. –ü–æ–ø—Ä–æ–±—É–π—Ç–µ."
47,–ö—Ä–µ–¥–∏—Ç–Ω–∞—è –∫–∞—Ä—Ç–∞,"–ö–∞–º—à–∞—Ç, –≤–∞—à–∏ —Ç–æ–ø-–∫–∞—Ç–µ–≥–æ—Ä–∏–∏ ‚Äî –ü—Ä–æ–¥—É–∫—Ç—ã –ø–∏—Ç–∞–Ω–∏—è, –ö–∞—Ñ–µ –∏ —Ä–µ—Å—Ç–æ—Ä–∞–Ω—ã, –¢–∞–∫—Å–∏. –° –∫—Ä–µ–¥–∏—Ç–Ω–æ–π –∫–∞—Ä—Ç–æ–π –≤—ã –±—ã –ø–æ–ª—É—á–∏–ª–∏ –¥–æ 10% –∫–µ—à–±—ç–∫–∞, –∞ –≤–∞—à–∞ –≤—ã–≥–æ–¥–∞ —Å–æ—Å—Ç–∞–≤–∏–ª–∞ –±—ã 304 766 ‚Ç∏. üí≥ –û—Ñ–æ—Ä–º–∏—Ç—å –∫–∞—Ä—Ç—É."
47,–ö–∞—Ä—Ç–∞ –¥–ª—è –ø—É—Ç–µ—à–µ—Å—Ç–≤–∏–π,"–ö–∞–º—à–∞—Ç, –∑–∞–º–µ—Ç–∏–ª–∏ –≤–∞—à–∏ —Ç—Ä–∞—Ç—ã –Ω–∞ —Ç–∞–∫—Å–∏ –∏ –æ—Ç–µ–ª–∏. –ü—Ä–µ–≤—Ä–∞—Ç–∏—Ç–µ –∏—Ö –≤ –≤—ã–≥–æ–¥—É! –° –Ω–∞—à–µ–π –∫–∞—Ä—Ç–æ–π –¥–ª—è –ø—É—Ç–µ—à–µ—Å—Ç–≤–∏–π –≤—ã –±—ã —Å—ç–∫–æ–Ω–æ–º–∏–ª–∏ 18 028 ‚Ç∏. –£–∑–Ω–∞–π—Ç–µ –±–æ–ª—å—à–µ."
47,–ö—Ä–µ–¥–∏—Ç –Ω–∞–ª–∏—á–Ω—ã–º–∏,"–ö–∞–º—à–∞—Ç, –µ—Å–ª–∏ –Ω—É–∂–µ–Ω –∑–∞–ø–∞—Å –Ω–∞ –∫—Ä—É–ø–Ω—ã–µ —Ç—Ä–∞—Ç—ã ‚Äî –º–æ–∂–Ω–æ –æ—Ñ–æ—Ä–º–∏—Ç—å –∫—Ä–µ–¥–∏—Ç –Ω–∞–ª–∏—á–Ω—ã–º–∏ —Å –≥–∏–±–∫–∏–º–∏ –≤—ã–ø–ª–∞—Ç–∞–º–∏. –£–∑–Ω–∞–π—Ç–µ –¥–æ—Å—Ç—É–ø–Ω—ã–π –ª–∏–º–∏—Ç –ø—Ä—è–º–æ –≤ –ø—Ä–∏–ª–æ–∂–µ–Ω–∏–∏."
47,–ü—Ä–µ–º–∏–∞–ª—å–Ω–∞—è –∫–∞—Ä—Ç–∞,"–ö–∞–º—à–∞—Ç, –≤–∞—à —Å—Ç–∞—Ç—É—Å –ø–æ–∑–≤–æ–ª—è–µ—Ç –ø–æ–ª—É—á–∞—Ç—å –±–æ–ª—å—à–µ. –ü—Ä–µ–º–∏–∞–ª—å–Ω–∞—è –∫–∞—Ä—Ç–∞ ‚Äî —ç—Ç–æ –Ω–µ —Ç–æ–ª—å–∫–æ –∫–æ–º—Ñ–æ—Ä—Ç, –Ω–æ –∏ –ø—Ä—è–º–∞—è –≤—ã–≥–æ–¥–∞, –∫–æ—Ç–æ—Ä–∞—è –º–æ–≥–ª–∞ —Å–æ—Å—Ç–∞–≤–∏—Ç—å 0 ‚Ç∏. –ü–æ–ø—Ä–æ–±—É–π—Ç–µ."
48,–ö—Ä–µ–¥–∏—Ç–Ω–∞—è –∫–∞—Ä—Ç–∞,"–ï—Ä–∂–∞–Ω, –≤–∞—à–∏ —Ç–æ–ø-–∫–∞—Ç–µ–≥–æ—Ä–∏–∏ ‚Äî –ü—Ä–æ–¥—É–∫—Ç—ã –ø–∏—Ç–∞–Ω–∏—è, –ö–∞—Ñ–µ –∏ —Ä–µ—Å—Ç–æ—Ä–∞–Ω—ã, –¢–∞–∫—Å–∏. –° –∫—Ä–µ–¥–∏—Ç–Ω–æ–π –∫–∞—Ä—Ç–æ–π –≤—ã –±—ã –ø–æ–ª—É—á–∏–ª–∏ –¥–æ 10% –∫–µ—à–±—ç–∫–∞, –∞ –≤–∞—à–∞ –≤—ã–≥–æ–¥–∞ —Å–æ—Å—Ç–∞–≤–∏–ª–∞ –±—ã 292 531 ‚Ç∏. üí≥ –û—Ñ–æ—Ä–º–∏—Ç—å –∫–∞—Ä—Ç—É."
48,–ö–∞—Ä—Ç–∞ –¥–ª—è –ø—É—Ç–µ—à–µ—Å—Ç–≤–∏–π,"–ï—Ä–∂–∞–Ω, –≤–∞—à–∏ –ø–æ–µ–∑–¥–∫–∏ –º–æ–≥—É—Ç –±—ã—Ç—å –µ—â–µ –≤—ã–≥–æ–¥–Ω–µ–µ. –° —Ç—Ä–µ–≤–µ–ª-–∫–∞—Ä—Ç–æ–π –≤—ã –º–æ–≥–ª–∏ –±—ã –≤–µ—Ä–Ω—É—Ç—å 10 849 ‚Ç∏ –∑–∞ –ø–æ—Å–ª–µ–¥–Ω–∏–µ 3 –º–µ—Å—è—Ü–∞. ‚úàÔ∏è –•–æ—Ç–∏—Ç–µ –æ—Ñ–æ—Ä–º–∏—Ç—å?"
48,–ö—Ä–µ–¥–∏—Ç –Ω–∞–ª–∏—á–Ω—ã–º–∏,"–ï—Ä–∂–∞–Ω, –ø–ª–∞–Ω–∏—Ä—É–µ—Ç–µ –±–æ–ª—å—à–æ–µ —Å–æ–±—ã—Ç–∏–µ –∏–ª–∏ –ø–æ–∫—É–ø–∫—É? –ö—Ä–µ–¥–∏—Ç –Ω–∞–ª–∏—á–Ω—ã–º–∏ –ø–æ–º–æ–∂–µ—Ç —Ä–µ–∞–ª–∏–∑–æ–≤–∞—Ç—å –≤–∞—à–∏ –ø–ª–∞–Ω—ã –±–µ–∑ –ª–∏—à–Ω–∏—Ö —Å–ø—Ä–∞–≤–æ–∫ –∏ –æ–∂–∏–¥–∞–Ω–∏–π. –†–∞—Å—Å—á–∏—Ç–∞—Ç—å —É—Å–ª–æ–≤–∏—è."
48,–ü—Ä–µ–º–∏–∞–ª—å–Ω–∞—è –∫–∞—Ä—Ç–∞,"–ó–∞–º–µ—Ç–∏–ª–∏ –≤–∞—à–∏ —Ç—Ä–∞—Ç—ã –≤ —Ä–µ—Å—Ç–æ—Ä–∞–Ω–∞—Ö. –ï—Ä–∂–∞–Ω, —Å –ø—Ä–µ–º–∏–∞–ª—å–Ω–æ–π –∫–∞—Ä—Ç–æ–π –≤—ã –±—ã –ø–æ–ª—É—á–∏–ª–∏ –Ω–µ —Ç–æ–ª—å–∫–æ –ø–æ–≤—ã—à–µ–Ω–Ω—ã–π –∫–µ—à–±—ç–∫, –Ω–æ –∏ –≤—ã–≥–æ–¥—É –≤ 0 ‚Ç∏. –ü–æ–¥–∫–ª—é—á–∏—Ç—å —Å–µ–π—á–∞—Å."
49,–î–µ–ø–æ–∑–∏—Ç –°–±–µ—Ä–µ–≥–∞—Ç–µ–ª—å–Ω—ã–π,"–ó–∞—Å—Ç–∞–≤—å—Ç–µ –≤–∞—à–∏ –¥–µ–Ω—å–≥–∏ —Ä–∞–±–æ—Ç–∞—Ç—å! –ê–º–∏–Ω–∞, –≤–∞—à –∫–∞–ø–∏—Ç–∞–ª –º–æ–≥ –±—ã –ø—Ä–∏–Ω–µ—Å—Ç–∏ 232 775 ‚Ç∏ –ø–∞—Å—Å–∏–≤–Ω–æ–≥–æ –¥–æ—Ö–æ–¥–∞ –≤ –≥–æ–¥ –Ω–∞ —Å–±–µ—Ä–µ–≥–∞—Ç–µ–ª—å–Ω–æ–º –¥–µ–ø–æ–∑–∏—Ç–µ. –ù–∞—á–∞—Ç—å –∫–æ–ø–∏—Ç—å."
49,–î–µ–ø–æ–∑–∏—Ç –ù–∞–∫–æ–ø–∏—Ç–µ–ª—å–Ω—ã–π,"–ê–º–∏–Ω–∞, —É –Ω–∞—Å –µ—Å—Ç—å –¥–ª—è –≤–∞—Å –ø—Ä–µ–¥–ª–æ–∂–µ–Ω–∏–µ –ø–æ –ø—Ä–æ–¥—É–∫—Ç—É ¬´–î–µ–ø–æ–∑–∏—Ç –ù–∞–∫–æ–ø–∏—Ç–µ–ª—å–Ω—ã–π¬ª —Å –≤—ã–≥–æ–¥–æ–π –¥–æ 218 667 ‚Ç∏. –£–∑–Ω–∞–π—Ç–µ –ø–æ–¥—Ä–æ–±–Ω–æ—Å—Ç–∏ –≤ –ø—Ä–∏–ª–æ–∂–µ–Ω–∏–∏. üòä"
49,–î–µ–ø–æ–∑–∏—Ç –ú—É–ª—å—Ç–∏–≤–∞–ª—é—Ç–Ω—ã–π,"–ê–º–∏–Ω–∞, —É –Ω–∞—Å –µ—Å—Ç—å –¥–ª—è –≤–∞—Å –ø—Ä–µ–¥–ª–æ–∂–µ–Ω–∏–µ –ø–æ –ø—Ä–æ–¥—É–∫—Ç—É ¬´–î–µ–ø–æ–∑–∏—Ç –ú—É–ª—å—Ç–∏–≤–∞–ª—é—Ç–Ω—ã–π¬ª —Å –≤—ã–≥–æ–¥–æ–π –¥–æ 204 560 ‚Ç∏. –£–∑–Ω–∞–π—Ç–µ –ø–æ–¥—Ä–æ–±–Ω–æ—Å—Ç–∏ –≤ –ø—Ä–∏–ª–æ–∂–µ–Ω–∏–∏. üòä"
49,–ò–Ω–≤–µ—Å—Ç–∏—Ü–∏–∏,"–ê–º–∏–Ω–∞, –ø–æ–ø—Ä–æ–±—É–π—Ç–µ –∏–Ω–≤–µ—Å—Ç–∏—Ü–∏–∏ —Å –Ω–∏–∑–∫–∏–º –ø–æ—Ä–æ–≥–æ–º –≤—Ö–æ–¥–∞ –∏ –±–µ–∑ –∫–æ–º–∏—Å—Å–∏–π –Ω–∞ —Å—Ç–∞—Ä—Ç–µ. –≠—Ç–æ –ø—Ä–æ—â–µ, —á–µ–º –∫–∞–∂–µ—Ç—Å—è. –ù–∞—á–Ω–∏—Ç–µ —Å –ª—é–±–æ–π —Å—É–º–º—ã! üöÄ –û—Ç–∫—Ä—ã—Ç—å —Å—á—ë—Ç."
50,–î–µ–ø–æ–∑–∏—Ç –°–±–µ—Ä–µ–≥–∞—Ç–µ–ª—å–Ω—ã–π,"–ó–∞—Å—Ç–∞–≤—å—Ç–µ –≤–∞—à–∏ –¥–µ–Ω—å–≥–∏ —Ä–∞–±–æ—Ç–∞—Ç—å! –¢–∏–º—É—Ä–ª–∞–Ω, –≤–∞—à –∫–∞–ø–∏—Ç–∞–ª –º–æ–≥ –±—ã –ø—Ä–∏–Ω–µ—Å—Ç–∏ 589 660 ‚Ç∏ –ø–∞—Å—Å–∏–≤–Ω–æ–≥–æ –¥–æ—Ö–æ–¥–∞ –≤ –≥–æ–¥ –Ω–∞ —Å–±–µ—Ä–µ–≥–∞—Ç–µ–ª—å–Ω–æ–º –¥–µ–ø–æ–∑–∏—Ç–µ. –ù–∞—á–∞—Ç—å –∫–æ–ø–∏—Ç—å."
50,–î–µ–ø–æ–∑–∏—Ç –ù–∞–∫–æ–ø–∏—Ç–µ–ª—å–Ω—ã–π,"–¢–∏–º—É—Ä–ª–∞–Ω, —É –Ω–∞—Å –µ—Å—Ç—å –¥–ª—è –≤–∞—Å –ø—Ä–µ–¥–ª–æ–∂–µ–Ω–∏–µ –ø–æ –ø—Ä–æ–¥—É–∫—Ç—É ¬´–î–µ–ø–æ–∑–∏—Ç –ù–∞–∫–æ–ø–∏—Ç–µ–ª—å–Ω—ã–π¬ª —Å –≤—ã–≥–æ–¥–æ–π –¥–æ 553 923 ‚Ç∏. –£–∑–Ω–∞–π—Ç–µ –ø–æ–¥—Ä–æ–±–Ω–æ—Å—Ç–∏ –≤ –ø—Ä–∏–ª–æ–∂–µ–Ω–∏–∏. üòä"
50,–î–µ–ø–æ–∑–∏—Ç –ú—É–ª—å—Ç–∏–≤–∞–ª—é—Ç–Ω—ã–π,"–¢–∏–º—É—Ä–ª–∞–Ω, —É –Ω–∞—Å –µ—Å—Ç—å –¥–ª—è –≤–∞—Å –ø—Ä–µ–¥–ª–æ–∂–µ–Ω–∏–µ –ø–æ –ø—Ä–æ–¥—É–∫—Ç—É ¬´–î–µ–ø–æ–∑–∏—Ç –ú—É–ª—å—Ç–∏–≤–∞–ª—é—Ç–Ω—ã–π¬ª —Å –≤—ã–≥–æ–¥–æ–π –¥–æ 518 186 ‚Ç∏. –£–∑–Ω–∞–π—Ç–µ –ø–æ–¥—Ä–æ–±–Ω–æ—Å—Ç–∏ –≤ –ø—Ä–∏–ª–æ–∂–µ–Ω–∏–∏. üòä"
50,–ò–Ω–≤–µ—Å—Ç–∏—Ü–∏–∏,"–¢–∏–º—É—Ä–ª–∞–Ω, –ø–æ–ø—Ä–æ–±—É–π—Ç–µ –∏–Ω–≤–µ—Å—Ç–∏—Ü–∏–∏ —Å –Ω–∏–∑–∫–∏–º –ø–æ—Ä–æ–≥–æ–º –≤—Ö–æ–¥–∞ –∏ –±–µ–∑ –∫–æ–º–∏—Å—Å–∏–π –Ω–∞ —Å—Ç–∞—Ä—Ç–µ. –≠—Ç–æ –ø—Ä–æ—â–µ, —á–µ–º –∫–∞–∂–µ—Ç—Å—è. –ù–∞—á–Ω–∏—Ç–µ —Å –ª—é–±–æ–π —Å—É–º–º—ã! üöÄ –û—Ç–∫—Ä—ã—Ç—å —Å—á—ë—Ç."
51,–î–µ–ø–æ–∑–∏—Ç –°–±–µ—Ä–µ–≥–∞—Ç–µ–ª—å–Ω—ã–π,"–ó–∞—Å—Ç–∞–≤—å—Ç–µ –≤–∞—à–∏ –¥–µ–Ω—å–≥–∏ —Ä–∞–±–æ—Ç–∞—Ç—å! –ñ–∞–Ω–∞—Ç, –≤–∞—à –∫–∞–ø–∏—Ç–∞–ª –º–æ–≥ –±—ã –ø—Ä–∏–Ω–µ—Å—Ç–∏ 235 789 ‚Ç∏ –ø–∞—Å—Å–∏–≤–Ω–æ–≥–æ –¥–æ—Ö–æ–¥–∞ –≤ –≥–æ–¥ –Ω–∞ —Å–±–µ—Ä–µ–≥–∞—Ç–µ–ª—å–Ω–æ–º –¥–µ–ø–æ–∑–∏—Ç–µ. –ù–∞—á–∞—Ç—å –∫–æ–ø–∏—Ç—å."
51,–î–µ–ø–æ–∑–∏—Ç –ù–∞–∫–æ–ø–∏—Ç–µ–ª—å–Ω—ã–π,"–ñ–∞–Ω–∞—Ç, —É –Ω–∞—Å –µ—Å—Ç—å –¥–ª—è –≤–∞—Å –ø—Ä–µ–¥–ª–æ–∂–µ–Ω–∏–µ –ø–æ –ø—Ä–æ–¥—É–∫—Ç—É ¬´–î–µ–ø–æ–∑–∏—Ç –ù–∞–∫–æ–ø–∏—Ç–µ–ª—å–Ω—ã–π¬ª —Å –≤—ã–≥–æ–¥–æ–π –¥–æ 221 499 ‚Ç∏. –£–∑–Ω–∞–π—Ç–µ –ø–æ–¥—Ä–æ–±–Ω–æ—Å—Ç–∏ –≤ –ø—Ä–∏–ª–æ–∂–µ–Ω–∏–∏. üòä"
51,–î–µ–ø–æ–∑–∏—Ç –ú—É–ª—å—Ç–∏–≤–∞–ª—é—Ç–Ω—ã–π,"–ñ–∞–Ω–∞—Ç, —É –Ω–∞—Å –µ—Å—Ç—å –¥–ª—è –≤–∞—Å –ø—Ä–µ–¥–ª–æ–∂–µ–Ω–∏–µ –ø–æ –ø—Ä–æ–¥—É–∫—Ç—É ¬´–î–µ–ø–æ–∑–∏—Ç –ú—É–ª—å—Ç–∏–≤–∞–ª—é—Ç–Ω—ã–π¬ª —Å –≤—ã–≥–æ–¥–æ–π –¥–æ 207 208 ‚Ç∏. –£–∑–Ω–∞–π—Ç–µ –ø–æ–¥—Ä–æ–±–Ω–æ—Å—Ç–∏ –≤ –ø—Ä–∏–ª–æ–∂–µ–Ω–∏–∏. üòä"
51,–ò–Ω–≤–µ—Å—Ç–∏—Ü–∏–∏,"–ñ–∞–Ω–∞—Ç, –ø–æ–ø—Ä–æ–±—É–π—Ç–µ –∏–Ω–≤–µ—Å—Ç–∏—Ü–∏–∏ —Å –Ω–∏–∑–∫–∏–º –ø–æ—Ä–æ–≥–æ–º –≤—Ö–æ–¥–∞ –∏ –±–µ–∑ –∫–æ–º–∏—Å—Å–∏–π –Ω–∞ —Å—Ç–∞—Ä—Ç–µ. –≠—Ç–æ –ø—Ä–æ—â–µ, —á–µ–º –∫–∞–∂–µ—Ç—Å—è. –ù–∞—á–Ω–∏—Ç–µ —Å –ª—é–±–æ–π —Å—É–º–º—ã! üöÄ –û—Ç–∫—Ä—ã—Ç—å —Å—á—ë—Ç."
52,–î–µ–ø–æ–∑–∏—Ç –°–±–µ—Ä–µ–≥–∞—Ç–µ–ª—å–Ω—ã–π,"–ú–∏–ª–∞–Ω–∞, –≤–∞—à –æ—Å—Ç–∞—Ç–æ–∫ –Ω–∞ —Å—á–µ—Ç–µ –º–æ–∂–µ—Ç –ø—Ä–∏–Ω–æ—Å–∏—Ç—å —Ä–µ–∞–ª—å–Ω—ã–π –¥–æ—Ö–æ–¥. –†–∞–∑–º–µ—Å—Ç–∏—Ç–µ –µ–≥–æ –Ω–∞ —Å–±–µ—Ä–µ–≥–∞—Ç–µ–ª—å–Ω–æ–º –≤–∫–ª–∞–¥–µ –∏ –ø–æ–ª—É—á–∏—Ç–µ –¥–æ 564 086 ‚Ç∏ –≥–æ–¥–æ–≤—ã—Ö. üìà –û—Ç–∫—Ä—ã—Ç—å."
52,–î–µ–ø–æ–∑–∏—Ç –ù–∞–∫–æ–ø–∏—Ç–µ–ª—å–Ω—ã–π,"–ú–∏–ª–∞–Ω–∞, —É –Ω–∞—Å –µ—Å—Ç—å –¥–ª—è –≤–∞—Å –ø—Ä–µ–¥–ª–æ–∂–µ–Ω–∏–µ –ø–æ –ø—Ä–æ–¥—É–∫—Ç—É ¬´–î–µ–ø–æ–∑–∏—Ç –ù–∞–∫–æ–ø–∏—Ç–µ–ª—å–Ω—ã–π¬ª —Å –≤—ã–≥–æ–¥–æ–π –¥–æ 529 899 ‚Ç∏. –£–∑–Ω–∞–π—Ç–µ –ø–æ–¥—Ä–æ–±–Ω–æ—Å—Ç–∏ –≤ –ø—Ä–∏–ª–æ–∂–µ–Ω–∏–∏. üòä"
52,–î–µ–ø–æ–∑–∏—Ç –ú—É–ª—å—Ç–∏–≤–∞–ª—é—Ç–Ω—ã–π,"–ú–∏–ª–∞–Ω–∞, —É –Ω–∞—Å –µ—Å—Ç—å –¥–ª—è –≤–∞—Å –ø—Ä–µ–¥–ª–æ–∂–µ–Ω–∏–µ –ø–æ –ø—Ä–æ–¥—É–∫—Ç—É ¬´–î–µ–ø–æ–∑–∏—Ç –ú—É–ª—å—Ç–∏–≤–∞–ª—é—Ç–Ω—ã–π¬ª —Å –≤—ã–≥–æ–¥–æ–π –¥–æ 495 712 ‚Ç∏. –£–∑–Ω–∞–π—Ç–µ –ø–æ–¥—Ä–æ–±–Ω–æ—Å—Ç–∏ –≤ –ø—Ä–∏–ª–æ–∂–µ–Ω–∏–∏. üòä"
52,–ò–Ω–≤–µ—Å—Ç–∏—Ü–∏–∏,"–ú–∏–ª–∞–Ω–∞, –ø–æ–ø—Ä–æ–±—É–π—Ç–µ –∏–Ω–≤–µ—Å—Ç–∏—Ü–∏–∏ —Å –Ω–∏–∑–∫–∏–º –ø–æ—Ä–æ–≥–æ–º –≤—Ö–æ–¥–∞ –∏ –±–µ–∑ –∫–æ–º–∏—Å—Å–∏–π –Ω–∞ —Å—Ç–∞—Ä—Ç–µ. –≠—Ç–æ –ø—Ä–æ—â–µ, —á–µ–º –∫–∞–∂–µ—Ç—Å—è. –ù–∞—á–Ω–∏—Ç–µ —Å –ª—é–±–æ–π —Å—É–º–º—ã! üöÄ –û—Ç–∫—Ä—ã—Ç—å —Å—á—ë—Ç."
53,–î–µ–ø–æ–∑–∏—Ç –°–±–µ—Ä–µ–≥–∞—Ç–µ–ª—å–Ω—ã–π,"–†–∞—Å—É–ª, –≤–∞—à –æ—Å—Ç–∞—Ç–æ–∫ –Ω–∞ —Å—á–µ—Ç–µ –º–æ–∂–µ—Ç –ø—Ä–∏–Ω–æ—Å–∏—Ç—å —Ä–µ–∞–ª—å–Ω—ã–π –¥–æ—Ö–æ–¥. –†–∞–∑–º–µ—Å—Ç–∏—Ç–µ –µ–≥–æ –Ω–∞ —Å–±–µ—Ä–µ–≥–∞—Ç–µ–ª—å–Ω–æ–º –≤–∫–ª–∞–¥–µ –∏ –ø–æ–ª—É—á–∏—Ç–µ –¥–æ 207 666 ‚Ç∏ –≥–æ–¥–æ–≤—ã—Ö. üìà –û—Ç–∫—Ä—ã—Ç—å."
53,–î–µ–ø–æ–∑–∏—Ç –ù–∞–∫–æ–ø–∏—Ç–µ–ª—å–Ω—ã–π,"–†–∞—Å—É–ª, —É –Ω–∞—Å –µ—Å—Ç—å –¥–ª—è –≤–∞—Å –ø—Ä–µ–¥–ª–æ–∂–µ–Ω–∏–µ –ø–æ –ø—Ä–æ–¥—É–∫—Ç—É ¬´–î–µ–ø–æ–∑–∏—Ç –ù–∞–∫–æ–ø–∏—Ç–µ–ª—å–Ω—ã–π¬ª —Å –≤—ã–≥–æ–¥–æ–π –¥–æ 195 080 ‚Ç∏. –£–∑–Ω–∞–π—Ç–µ –ø–æ–¥—Ä–æ–±–Ω–æ—Å—Ç–∏ –≤ –ø—Ä–∏–ª–æ–∂–µ–Ω–∏–∏. üòä"
53,–î–µ–ø–æ–∑–∏—Ç –ú—É–ª—å—Ç–∏–≤–∞–ª—é—Ç–Ω—ã–π,"–†–∞—Å—É–ª, —É –Ω–∞—Å –µ—Å—Ç—å –¥–ª—è –≤–∞—Å –ø—Ä–µ–¥–ª–æ–∂–µ–Ω–∏–µ –ø–æ –ø—Ä–æ–¥—É–∫—Ç—É ¬´–î–µ–ø–æ–∑–∏—Ç –ú—É–ª—å—Ç–∏–≤–∞–ª—é—Ç–Ω—ã–π¬ª —Å –≤—ã–≥–æ–¥–æ–π –¥–æ 182 494 ‚Ç∏. –£–∑–Ω–∞–π—Ç–µ –ø–æ–¥—Ä–æ–±–Ω–æ—Å—Ç–∏ –≤ –ø—Ä–∏–ª–æ–∂–µ–Ω–∏–∏. üòä"
53,–ò–Ω–≤–µ—Å—Ç–∏—Ü–∏–∏,"–†–∞—Å—É–ª, –ø–æ–ø—Ä–æ–±—É–π—Ç–µ –∏–Ω–≤–µ—Å—Ç–∏—Ü–∏–∏ —Å –Ω–∏–∑–∫–∏–º –ø–æ—Ä–æ–≥–æ–º –≤—Ö–æ–¥–∞ –∏ –±–µ–∑ –∫–æ–º–∏—Å—Å–∏–π –Ω–∞ —Å—Ç–∞—Ä—Ç–µ. –≠—Ç–æ –ø—Ä–æ—â–µ, —á–µ–º –∫–∞–∂–µ—Ç—Å—è. –ù–∞—á–Ω–∏—Ç–µ —Å –ª—é–±–æ–π —Å—É–º–º—ã! üöÄ –û—Ç–∫—Ä—ã—Ç—å —Å—á—ë—Ç."
54,–î–µ–ø–æ–∑–∏—Ç –°–±–µ—Ä–µ–≥–∞—Ç–µ–ª—å–Ω—ã–π,"–í–∏–∫—Ç–æ—Ä–∏—è, –≤–∞—à –æ—Å—Ç–∞—Ç–æ–∫ –Ω–∞ —Å—á–µ—Ç–µ –º–æ–∂–µ—Ç –ø—Ä–∏–Ω–æ—Å–∏—Ç—å —Ä–µ–∞–ª—å–Ω—ã–π –¥–æ—Ö–æ–¥. –†–∞–∑–º–µ—Å—Ç–∏—Ç–µ –µ–≥–æ –Ω–∞ —Å–±–µ—Ä–µ–≥–∞—Ç–µ–ª—å–Ω–æ–º –≤–∫–ª–∞–¥–µ –∏ –ø–æ–ª—É—á–∏—Ç–µ –¥–æ 673 743 ‚Ç∏ –≥–æ–¥–æ–≤—ã—Ö. üìà –û—Ç–∫—Ä—ã—Ç—å."
54,–î–µ–ø–æ–∑–∏—Ç –ù–∞–∫–æ–ø–∏—Ç–µ–ª—å–Ω—ã–π,"–í–∏–∫—Ç–æ—Ä–∏—è, —É –Ω–∞—Å –µ—Å—Ç—å –¥–ª—è –≤–∞—Å –ø—Ä–µ–¥–ª–æ–∂–µ–Ω–∏–µ –ø–æ –ø—Ä–æ–¥—É–∫—Ç—É ¬´–î–µ–ø–æ–∑–∏—Ç –ù–∞–∫–æ–ø–∏—Ç–µ–ª—å–Ω—ã–π¬ª —Å –≤—ã–≥–æ–¥–æ–π –¥–æ 632 910 ‚Ç∏. –£–∑–Ω–∞–π—Ç–µ –ø–æ–¥—Ä–æ–±–Ω–æ—Å—Ç–∏ –≤ –ø—Ä–∏–ª–æ–∂–µ–Ω–∏–∏. üòä"
54,–î–µ–ø–æ–∑–∏—Ç –ú—É–ª—å—Ç–∏–≤–∞–ª—é—Ç–Ω—ã–π,"–í–∏–∫—Ç–æ—Ä–∏—è, —É –Ω–∞—Å –µ—Å—Ç—å –¥–ª—è –≤–∞—Å –ø—Ä–µ–¥–ª–æ–∂–µ–Ω–∏–µ –ø–æ –ø—Ä–æ–¥—É–∫—Ç—É ¬´–î–µ–ø–æ–∑–∏—Ç –ú—É–ª—å—Ç–∏–≤–∞–ª—é—Ç–Ω—ã–π¬ª —Å –≤—ã–≥–æ–¥–æ–π –¥–æ 592 077 ‚Ç∏. –£–∑–Ω–∞–π—Ç–µ –ø–æ–¥—Ä–æ–±–Ω–æ—Å—Ç–∏ –≤ –ø—Ä–∏–ª–æ–∂–µ–Ω–∏–∏. üòä"
54,–ò–Ω–≤–µ—Å—Ç–∏—Ü–∏–∏,"–í–∏–∫—Ç–æ—Ä–∏—è, –ø–æ–ø—Ä–æ–±—É–π—Ç–µ –∏–Ω–≤–µ—Å—Ç–∏—Ü–∏–∏ —Å –Ω–∏–∑–∫–∏–º –ø–æ—Ä–æ–≥–æ–º –≤—Ö–æ–¥–∞ –∏ –±–µ–∑ –∫–æ–º–∏—Å—Å–∏–π –Ω–∞ —Å—Ç–∞—Ä—Ç–µ. –≠—Ç–æ –ø—Ä–æ—â–µ, —á–µ–º –∫–∞–∂–µ—Ç—Å—è. –ù–∞—á–Ω–∏—Ç–µ —Å –ª—é–±–æ–π —Å—É–º–º—ã! üöÄ –û—Ç–∫—Ä—ã—Ç—å —Å—á—ë—Ç."
55,–î–µ–ø–æ–∑–∏—Ç –°–±–µ—Ä–µ–≥–∞—Ç–µ–ª—å–Ω—ã–π,"–ê—Å–µ–ª—å, –≤–∞—à –æ—Å—Ç–∞—Ç–æ–∫ –Ω–∞ —Å—á–µ—Ç–µ –º–æ–∂–µ—Ç –ø—Ä–∏–Ω–æ—Å–∏—Ç—å —Ä–µ–∞–ª—å–Ω—ã–π –¥–æ—Ö–æ–¥. –†–∞–∑–º–µ—Å—Ç–∏—Ç–µ –µ–≥–æ –Ω–∞ —Å–±–µ—Ä–µ–≥–∞—Ç–µ–ª—å–Ω–æ–º –≤–∫–ª–∞–¥–µ –∏ –ø–æ–ª—É—á–∏—Ç–µ –¥–æ 578 233 ‚Ç∏ –≥–æ–¥–æ–≤—ã—Ö. üìà –û—Ç–∫—Ä—ã—Ç—å."
55,–î–µ–ø–æ–∑–∏—Ç –ù–∞–∫–æ–ø–∏—Ç–µ–ª—å–Ω—ã–π,"–ê—Å–µ–ª—å, —É –Ω–∞—Å –µ—Å—Ç—å –¥–ª—è –≤–∞—Å –ø—Ä–µ–¥–ª–æ–∂–µ–Ω–∏–µ –ø–æ –ø—Ä–æ–¥—É–∫—Ç—É ¬´–î–µ–ø–æ–∑–∏—Ç –ù–∞–∫–æ–ø–∏—Ç–µ–ª—å–Ω—ã–π¬ª —Å –≤—ã–≥–æ–¥–æ–π –¥–æ 543 188 ‚Ç∏. –£–∑–Ω–∞–π—Ç–µ –ø–æ–¥—Ä–æ–±–Ω–æ—Å—Ç–∏ –≤ –ø—Ä–∏–ª–æ–∂–µ–Ω–∏–∏. üòä"
55,–î–µ–ø–æ–∑–∏—Ç –ú—É–ª—å—Ç–∏–≤–∞–ª—é—Ç–Ω—ã–π,"–ê—Å–µ–ª—å, —É –Ω–∞—Å –µ—Å—Ç—å –¥–ª—è –≤–∞—Å –ø—Ä–µ–¥–ª–æ–∂–µ–Ω–∏–µ –ø–æ –ø—Ä–æ–¥—É–∫—Ç—É ¬´–î–µ–ø–æ–∑–∏—Ç –ú—É–ª—å—Ç–∏–≤–∞–ª—é—Ç–Ω—ã–π¬ª —Å –≤—ã–≥–æ–¥–æ–π –¥–æ 508 144 ‚Ç∏. –£–∑–Ω–∞–π—Ç–µ –ø–æ–¥—Ä–æ–±–Ω–æ—Å—Ç–∏ –≤ –ø—Ä–∏–ª–æ–∂–µ–Ω–∏–∏. üòä"
55,–ö—Ä–µ–¥–∏—Ç–Ω–∞—è –∫–∞—Ä—Ç–∞,"–ü–æ–∫—É–ø–∞–π—Ç–µ —Ç–æ, —á—Ç–æ –ª—é–±–∏—Ç–µ, –∏ —ç–∫–æ–Ω–æ–º—å—Ç–µ! –ê—Å–µ–ª—å, —Å –Ω–∞—à–µ–π –∫—Ä–µ–¥–∏—Ç–Ω–æ–π –∫–∞—Ä—Ç–æ–π –≤—ã –±—ã –≤–µ—Ä–Ω—É–ª–∏ 378 532 ‚Ç∏ —Å –≤–∞—à–∏—Ö –æ–±—ã—á–Ω—ã—Ö –ø–æ–∫—É–ø–æ–∫. –ù–∞—á–∞—Ç—å —ç–∫–æ–Ω–æ–º–∏—Ç—å."
56,–ö—Ä–µ–¥–∏—Ç–Ω–∞—è –∫–∞—Ä—Ç–∞,"–ù—É—Ä–∫–µ–Ω, –≤–∞—à–∏ —Ç–æ–ø-–∫–∞—Ç–µ–≥–æ—Ä–∏–∏ ‚Äî –ü—Ä–æ–¥—É–∫—Ç—ã –ø–∏—Ç–∞–Ω–∏—è, –ö–∞—Ñ–µ –∏ —Ä–µ—Å—Ç–æ—Ä–∞–Ω—ã, –û—Ç–µ–ª–∏. –° –∫—Ä–µ–¥–∏—Ç–Ω–æ–π –∫–∞—Ä—Ç–æ–π –≤—ã –±—ã –ø–æ–ª—É—á–∏–ª–∏ –¥–æ 10% –∫–µ—à–±—ç–∫–∞, –∞ –≤–∞—à–∞ –≤—ã–≥–æ–¥–∞ —Å–æ—Å—Ç–∞–≤–∏–ª–∞ –±—ã 302 965 ‚Ç∏. üí≥ –û—Ñ–æ—Ä–º–∏—Ç—å –∫–∞—Ä—Ç—É."
56,–ö–∞—Ä—Ç–∞ –¥–ª—è –ø—É—Ç–µ—à–µ—Å—Ç–≤–∏–π,"–ù—É—Ä–∫–µ–Ω, –∑–∞–º–µ—Ç–∏–ª–∏ –≤–∞—à–∏ —Ç—Ä–∞—Ç—ã –Ω–∞ —Ç–∞–∫—Å–∏ –∏ –æ—Ç–µ–ª–∏. –ü—Ä–µ–≤—Ä–∞—Ç–∏—Ç–µ –∏—Ö –≤ –≤—ã–≥–æ–¥—É! –° –Ω–∞—à–µ–π –∫–∞—Ä—Ç–æ–π –¥–ª—è –ø—É—Ç–µ—à–µ—Å—Ç–≤–∏–π –≤—ã –±—ã —Å—ç–∫–æ–Ω–æ–º–∏–ª–∏ 23 277 ‚Ç∏. –£–∑–Ω–∞–π—Ç–µ –±–æ–ª—å—à–µ."
56,–ö—Ä–µ–¥–∏—Ç –Ω–∞–ª–∏—á–Ω—ã–º–∏,"–ù—É—Ä–∫–µ–Ω, –ø–ª–∞–Ω–∏—Ä—É–µ—Ç–µ –±–æ–ª—å—à–æ–µ —Å–æ–±—ã—Ç–∏–µ –∏–ª–∏ –ø–æ–∫—É–ø–∫—É? –ö—Ä–µ–¥–∏—Ç –Ω–∞–ª–∏—á–Ω—ã–º–∏ –ø–æ–º–æ–∂–µ—Ç —Ä–µ–∞–ª–∏–∑–æ–≤–∞—Ç—å –≤–∞—à–∏ –ø–ª–∞–Ω—ã –±–µ–∑ –ª–∏—à–Ω–∏—Ö —Å–ø—Ä–∞–≤–æ–∫ –∏ –æ–∂–∏–¥–∞–Ω–∏–π. –†–∞—Å—Å—á–∏—Ç–∞—Ç—å —É—Å–ª–æ–≤–∏—è."
56,–ü—Ä–µ–º–∏–∞–ª—å–Ω–∞—è –∫–∞—Ä—Ç–∞,"–ù—É—Ä–∫–µ–Ω, —Å –≤–∞—à–∏–º —Å—Ç–∏–ª–µ–º —Ç—Ä–∞—Ç –ø—Ä–µ–º–∏–∞–ª—å–Ω–∞—è –∫–∞—Ä—Ç–∞ –º–æ–≥–ª–∞ –±—ã –ø—Ä–∏–Ω–µ—Å—Ç–∏ 0 ‚Ç∏ –∑–∞ 3 –º–µ—Å—è—Ü–∞. –ù–∞—Å–ª–∞–∂–¥–∞–π—Ç–µ—Å—å –ø–æ–≤—ã—à–µ–Ω–Ω—ã–º –∫–µ—à–±—ç–∫–æ–º –∏ –ø—Ä–∏–≤–∏–ª–µ–≥–∏—è–º–∏! ‚ú® –û—Ñ–æ—Ä–º–∏—Ç—å —Å–µ–π—á–∞—Å."
57,–î–µ–ø–æ–∑–∏—Ç –°–±–µ—Ä–µ–≥–∞—Ç–µ–ª—å–Ω—ã–π,"–ó–∞—Å—Ç–∞–≤—å—Ç–µ –≤–∞—à–∏ –¥–µ–Ω—å–≥–∏ —Ä–∞–±–æ—Ç–∞—Ç—å! –ñ–∞–Ω–∏—è, –≤–∞—à –∫–∞–ø–∏—Ç–∞–ª –º–æ–≥ –±—ã –ø—Ä–∏–Ω–µ—Å—Ç–∏ 455 021 ‚Ç∏ –ø–∞—Å—Å–∏–≤–Ω–æ–≥–æ –¥–æ—Ö–æ–¥–∞ –≤ –≥–æ–¥ –Ω–∞ —Å–±–µ—Ä–µ–≥–∞—Ç–µ–ª—å–Ω–æ–º –¥–µ–ø–æ–∑–∏—Ç–µ. –ù–∞—á–∞—Ç—å –∫–æ–ø–∏—Ç—å."
57,–î–µ–ø–æ–∑–∏—Ç –ù–∞–∫–æ–ø–∏—Ç–µ–ª—å–Ω—ã–π,"–ñ–∞–Ω–∏—è, —É –Ω–∞—Å –µ—Å—Ç—å –¥–ª—è –≤–∞—Å –ø—Ä–µ–¥–ª–æ–∂–µ–Ω–∏–µ –ø–æ –ø—Ä–æ–¥—É–∫—Ç—É ¬´–î–µ–ø–æ–∑–∏—Ç –ù–∞–∫–æ–ø–∏—Ç–µ–ª—å–Ω—ã–π¬ª —Å –≤—ã–≥–æ–¥–æ–π –¥–æ 427 444 ‚Ç∏. –£–∑–Ω–∞–π—Ç–µ –ø–æ–¥—Ä–æ–±–Ω–æ—Å—Ç–∏ –≤ –ø—Ä–∏–ª–æ–∂–µ–Ω–∏–∏. üòä"
57,–î–µ–ø–æ–∑–∏—Ç –ú—É–ª—å—Ç–∏–≤–∞–ª—é—Ç–Ω—ã–π,"–ñ–∞–Ω–∏—è, —É –Ω–∞—Å –µ—Å—Ç—å –¥–ª—è –≤–∞—Å –ø—Ä–µ–¥–ª–æ–∂–µ–Ω–∏–µ –ø–æ –ø—Ä–æ–¥—É–∫—Ç—É ¬´–î–µ–ø–æ–∑–∏—Ç –ú—É–ª—å—Ç–∏–≤–∞–ª—é—Ç–Ω—ã–π¬ª —Å –≤—ã–≥–æ–¥–æ–π –¥–æ 399 867 ‚Ç∏. –£–∑–Ω–∞–π—Ç–µ –ø–æ–¥—Ä–æ–±–Ω–æ—Å—Ç–∏ –≤ –ø—Ä–∏–ª–æ–∂–µ–Ω–∏–∏. üòä"
57,–ö—Ä–µ–¥–∏—Ç–Ω–∞—è –∫–∞—Ä—Ç–∞,"–ñ–∞–Ω–∏—è, –≤–∞—à–∞ –≤—ã–≥–æ–¥–∞ —Å –Ω–∞—à–µ–π –∫—Ä–µ–¥–∏—Ç–Ω–æ–π –∫–∞—Ä—Ç–æ–π –º–æ–≥–ª–∞ —Å–æ—Å—Ç–∞–≤–∏—Ç—å 407 873 ‚Ç∏ –∑–∞ 3 –º–µ—Å—è—Ü–∞ –±–ª–∞–≥–æ–¥–∞—Ä—è –∫–µ—à–±—ç–∫—É –≤ –ª—é–±–∏–º—ã—Ö –∫–∞—Ç–µ–≥–æ—Ä–∏—è—Ö. –£–∑–Ω–∞–π—Ç–µ –≤–∞—à –∫—Ä–µ–¥–∏—Ç–Ω—ã–π –ª–∏–º–∏—Ç."
58,–ö—Ä–µ–¥–∏—Ç–Ω–∞—è –∫–∞—Ä—Ç–∞,"–°—É–ª—Ç–∞–Ω, –≤–∞—à–∏ —Ç–æ–ø-–∫–∞—Ç–µ–≥–æ—Ä–∏–∏ ‚Äî –ü—Ä–æ–¥—É–∫—Ç—ã –ø–∏—Ç–∞–Ω–∏—è, –ö–∞—Ñ–µ –∏ —Ä–µ—Å—Ç–æ—Ä–∞–Ω—ã, –¢–∞–∫—Å–∏. –° –∫—Ä–µ–¥–∏—Ç–Ω–æ–π –∫–∞—Ä—Ç–æ–π –≤—ã –±—ã –ø–æ–ª—É—á–∏–ª–∏ –¥–æ 10% –∫–µ—à–±—ç–∫–∞, –∞ –≤–∞—à–∞ –≤—ã–≥–æ–¥–∞ —Å–æ—Å—Ç–∞–≤–∏–ª–∞ –±—ã 323 831 ‚Ç∏. üí≥ –û—Ñ–æ—Ä–º–∏—Ç—å –∫–∞—Ä—Ç—É."
58,–ö–∞—Ä—Ç–∞ –¥–ª—è –ø—É—Ç–µ—à–µ—Å—Ç–≤–∏–π,"–°—É–ª—Ç–∞–Ω, –∑–∞–º–µ—Ç–∏–ª–∏ –≤–∞—à–∏ —Ç—Ä–∞—Ç—ã –Ω–∞ —Ç–∞–∫—Å–∏ –∏ –æ—Ç–µ–ª–∏. –ü—Ä–µ–≤—Ä–∞—Ç–∏—Ç–µ –∏—Ö –≤ –≤—ã–≥–æ–¥—É! –° –Ω–∞—à–µ–π –∫–∞—Ä—Ç–æ–π –¥–ª—è –ø—É—Ç–µ—à–µ—Å—Ç–≤–∏–π –≤—ã –±—ã —Å—ç–∫–æ–Ω–æ–º–∏–ª–∏ 8 583 ‚Ç∏. –£–∑–Ω–∞–π—Ç–µ –±–æ–ª—å—à–µ."
58,–ö—Ä–µ–¥–∏—Ç –Ω–∞–ª–∏—á–Ω—ã–º–∏,"–°—É–ª—Ç–∞–Ω, –ø–ª–∞–Ω–∏—Ä—É–µ—Ç–µ –±–æ–ª—å—à–æ–µ —Å–æ–±—ã—Ç–∏–µ –∏–ª–∏ –ø–æ–∫—É–ø–∫—É? –ö—Ä–µ–¥–∏—Ç –Ω–∞–ª–∏—á–Ω—ã–º–∏ –ø–æ–º–æ–∂–µ—Ç —Ä–µ–∞–ª–∏–∑–æ–≤–∞—Ç—å –≤–∞—à–∏ –ø–ª–∞–Ω—ã –±–µ–∑ –ª–∏—à–Ω–∏—Ö —Å–ø—Ä–∞–≤–æ–∫ –∏ –æ–∂–∏–¥–∞–Ω–∏–π. –†–∞—Å—Å—á–∏—Ç–∞—Ç—å —É—Å–ª–æ–≤–∏—è."
58,–ü—Ä–µ–º–∏–∞–ª—å–Ω–∞—è –∫–∞—Ä—Ç–∞,"–ó–∞–º–µ—Ç–∏–ª–∏ –≤–∞—à–∏ —Ç—Ä–∞—Ç—ã –≤ —Ä–µ—Å—Ç–æ—Ä–∞–Ω–∞—Ö. –°—É–ª—Ç–∞–Ω, —Å –ø—Ä–µ–º–∏–∞–ª—å–Ω–æ–π –∫–∞—Ä—Ç–æ–π –≤—ã –±—ã –ø–æ–ª—É—á–∏–ª–∏ –Ω–µ —Ç–æ–ª—å–∫–æ –ø–æ–≤—ã—à–µ–Ω–Ω—ã–π –∫–µ—à–±—ç–∫, –Ω–æ –∏ –≤—ã–≥–æ–¥—É –≤ 0 ‚Ç∏. –ü–æ–¥–∫–ª—é—á–∏—Ç—å —Å–µ–π—á–∞—Å."
59,–î–µ–ø–æ–∑–∏—Ç –°–±–µ—Ä–µ–≥–∞—Ç–µ–ª—å–Ω—ã–π,"–ó–∞—Å—Ç–∞–≤—å—Ç–µ –≤–∞—à–∏ –¥–µ–Ω—å–≥–∏ —Ä–∞–±–æ—Ç–∞—Ç—å! –î–∏–Ω–∞—Ä–∞, –≤–∞—à –∫–∞–ø–∏—Ç–∞–ª –º–æ–≥ –±—ã –ø—Ä–∏–Ω–µ—Å—Ç–∏ 730 531 ‚Ç∏ –ø–∞—Å—Å–∏–≤–Ω–æ–≥–æ –¥–æ—Ö–æ–¥–∞ –≤ –≥–æ–¥ –Ω–∞ —Å–±–µ—Ä–µ–≥–∞—Ç–µ–ª—å–Ω–æ–º –¥–µ–ø–æ–∑–∏—Ç–µ. –ù–∞—á–∞—Ç—å –∫–æ–ø–∏—Ç—å."
59,–î–µ–ø–æ–∑–∏—Ç –ù–∞–∫–æ–ø–∏—Ç–µ–ª—å–Ω—ã–π,"–î–∏–Ω–∞—Ä–∞, —É –Ω–∞—Å –µ—Å—Ç—å –¥–ª—è –≤–∞—Å –ø—Ä–µ–¥–ª–æ–∂–µ–Ω–∏–µ –ø–æ –ø—Ä–æ–¥—É–∫—Ç—É ¬´–î–µ–ø–æ–∑–∏—Ç –ù–∞–∫–æ–ø–∏—Ç–µ–ª—å–Ω—ã–π¬ª —Å –≤—ã–≥–æ–¥–æ–π –¥–æ 686 256 ‚Ç∏. –£–∑–Ω–∞–π—Ç–µ –ø–æ–¥—Ä–æ–±–Ω–æ—Å—Ç–∏ –≤ –ø—Ä–∏–ª–æ–∂–µ–Ω–∏–∏. üòä"
59,–î–µ–ø–æ–∑–∏—Ç –ú—É–ª—å—Ç–∏–≤–∞–ª—é—Ç–Ω—ã–π,"–î–∏–Ω–∞—Ä–∞, —É –Ω–∞—Å –µ—Å—Ç—å –¥–ª—è –≤–∞—Å –ø—Ä–µ–¥–ª–æ–∂–µ–Ω–∏–µ –ø–æ –ø—Ä–æ–¥—É–∫—Ç—É ¬´–î–µ–ø–æ–∑–∏—Ç –ú—É–ª—å—Ç–∏–≤–∞–ª—é—Ç–Ω—ã–π¬ª —Å –≤—ã–≥–æ–¥–æ–π –¥–æ 641 981 ‚Ç∏. –£–∑–Ω–∞–π—Ç–µ –ø–æ–¥—Ä–æ–±–Ω–æ—Å—Ç–∏ –≤ –ø—Ä–∏–ª–æ–∂–µ–Ω–∏–∏. üòä"
59,–ö—Ä–µ–¥–∏—Ç–Ω–∞—è –∫–∞—Ä—Ç–∞,"–î–∏–Ω–∞—Ä–∞, –≤–∞—à–∏ —Ç–æ–ø-–∫–∞—Ç–µ–≥–æ—Ä–∏–∏ ‚Äî –ü—Ä–æ–¥—É–∫—Ç—ã –ø–∏—Ç–∞–Ω–∏—è, –ö–∞—Ñ–µ –∏ —Ä–µ—Å—Ç–æ—Ä–∞–Ω—ã, –ï–¥–∏–º –¥–æ–º–∞. –° –∫—Ä–µ–¥–∏—Ç–Ω–æ–π –∫–∞—Ä—Ç–æ–π –≤—ã –±—ã –ø–æ–ª—É—á–∏–ª–∏ –¥–æ 10% –∫–µ—à–±—ç–∫–∞, –∞ –≤–∞—à–∞ –≤—ã–≥–æ–¥–∞ —Å–æ—Å—Ç–∞–≤–∏–ª–∞ –±—ã 373 976 ‚Ç∏. üí≥ –û—Ñ–æ—Ä–º–∏—Ç—å –∫–∞—Ä—Ç—É."
60,–ö—Ä–µ–¥–∏—Ç–Ω–∞—è –∫–∞—Ä—Ç–∞,"–ï—Ä–º–µ–∫, –≤–∞—à–∞ –≤—ã–≥–æ–¥–∞ —Å –Ω–∞—à–µ–π –∫—Ä–µ–¥–∏—Ç–Ω–æ–π –∫–∞—Ä—Ç–æ–π –º–æ–≥–ª–∞ —Å–æ—Å—Ç–∞–≤–∏—Ç—å 296 993 ‚Ç∏ –∑–∞ 3 –º–µ—Å—è—Ü–∞ –±–ª–∞–≥–æ–¥–∞—Ä—è –∫–µ—à–±—ç–∫—É –≤ –ª—é–±–∏–º—ã—Ö –∫–∞—Ç–µ–≥–æ—Ä–∏—è—Ö. –£–∑–Ω–∞–π—Ç–µ –≤–∞—à –∫—Ä–µ–¥–∏—Ç–Ω—ã–π –ª–∏–º–∏—Ç."
60,–ö–∞—Ä—Ç–∞ –¥–ª—è –ø—É—Ç–µ—à–µ—Å—Ç–≤–∏–π,"–ï—Ä–º–µ–∫, –∑–∞–º–µ—Ç–∏–ª–∏ –≤–∞—à–∏ —Ç—Ä–∞—Ç—ã –Ω–∞ —Ç–∞–∫—Å–∏ –∏ –æ—Ç–µ–ª–∏. –ü—Ä–µ–≤—Ä–∞—Ç–∏—Ç–µ –∏—Ö –≤ –≤—ã–≥–æ–¥—É! –° –Ω–∞—à–µ–π –∫–∞—Ä—Ç–æ–π –¥–ª—è –ø—É—Ç–µ—à–µ—Å—Ç–≤–∏–π –≤—ã –±—ã —Å—ç–∫–æ–Ω–æ–º–∏–ª–∏ 10 269 ‚Ç∏. –£–∑–Ω–∞–π—Ç–µ –±–æ–ª—å—à–µ."
60,–ö—Ä–µ–¥–∏—Ç –Ω–∞–ª–∏—á–Ω—ã–º–∏,"–ï—Ä–º–µ–∫, –µ—Å–ª–∏ –Ω—É–∂–µ–Ω –∑–∞–ø–∞—Å –Ω–∞ –∫—Ä—É–ø–Ω—ã–µ —Ç—Ä–∞—Ç—ã ‚Äî –º–æ–∂–Ω–æ –æ—Ñ–æ—Ä–º–∏—Ç—å –∫—Ä–µ–¥–∏—Ç –Ω–∞–ª–∏—á–Ω—ã–º–∏ —Å –≥–∏–±–∫–∏–º–∏ –≤—ã–ø–ª–∞—Ç–∞–º–∏. –£–∑–Ω–∞–π—Ç–µ –¥–æ—Å—Ç—É–ø–Ω—ã–π –ª–∏–º–∏—Ç –ø—Ä—è–º–æ –≤ –ø—Ä–∏–ª–æ–∂–µ–Ω–∏–∏."
60,–ü—Ä–µ–º–∏–∞–ª—å–Ω–∞—è –∫–∞—Ä—Ç–∞,"–ï—Ä–º–µ–∫, –≤–∞—à —Å—Ç–∞—Ç—É—Å –ø–æ–∑–≤–æ–ª—è–µ—Ç –ø–æ–ª—É—á–∞—Ç—å –±–æ–ª—å—à–µ. –ü—Ä–µ–º–∏–∞–ª—å–Ω–∞—è –∫–∞—Ä—Ç–∞ ‚Äî —ç—Ç–æ –Ω–µ —Ç–æ–ª—å–∫–æ –∫–æ–º—Ñ–æ—Ä—Ç, –Ω–æ –∏ –ø—Ä—è–º–∞—è –≤—ã–≥–æ–¥–∞, –∫–æ—Ç–æ—Ä–∞—è –º–æ–≥–ª–∞ —Å–æ—Å—Ç–∞–≤–∏—Ç—å 0 ‚Ç∏. –ü–æ–ø—Ä–æ–±—É–π—Ç–µ."
